"date","currency_code","name","local_price","dollar_ex","dollar_price"
"2000-04-01",ARS,Argentina,2.5,1,2.5
"2000-04-01",AUD,Australia,2.59,1,2.59
"2000-04-01",BRL,Brazil,2.95,1,2.95
"2000-04-01",GBP,Britain,1.9,1,1.9
"2000-04-01",CAD,Canada,2.85,1,2.85
"2000-04-01",CLP,Chile,1260.0,514,2.45
"2000-04-01",CNY,China,9.9,8,1.24
"2000-04-01",CZK,Czech Republic,54.37,39,1.39
"2000-04-01",DKK,Denmark,24.75,8,3.09
"2000-04-01",EUR,Euro area,2.56,1,2.56
"2000-04-01",HKD,Hong Kong,10.2,7,1.46
"2000-04-01",HUF,Hungary,339.0,279,1.22
"2000-04-01",IDR,Indonesia,14500.0,7945,1.83
"2000-04-01",ILS,Israel,14.5,4,3.62
"2000-04-01",JPY,Japan,294.0,106,2.77
"2000-04-01",MYR,Malaysia,4.52,3,1.51
"2000-04-01",MXN,Mexico,20.9,9,2.32
"2000-04-01",NZD,New Zealand,3.4,2,1.7
"2000-04-01",PLN,Poland,5.5,4,1.38
"2000-04-01",RUB,Russia,39.5,28,1.41
"2000-04-01",SGD,Singapore,3.2,1,3.2
"2000-04-01",ZAR,South Africa,9.0,6,1.5
"2000-04-01",KRW,South Korea,3000.0,1108,2.71
"2000-04-01",SEK,Sweden,24.0,8,3.0
"2000-04-01",CHF,Switzerland,5.9,1,5.9
"2000-04-01",TWD,Taiwan,70.0,30,2.33
"2000-04-01",THB,Thailand,55.0,38,1.45
"2000-04-01",USD,United States,2.24,1,2.24
"2001-04-01",ARS,Argentina,2.5,1,2.5
"2001-04-01",AUD,Australia,3.0,1,3.0
"2001-04-01",BRL,Brazil,3.6,2,1.8
"2001-04-01",GBP,Britain,1.99,1,1.99
"2001-04-01",CAD,Canada,3.33,1,3.33
"2001-04-01",CLP,Chile,1260.0,601,2.1
"2001-04-01",CNY,China,9.9,8,1.24
"2001-04-01",CZK,Czech Republic,56.0,39,1.44
"2001-04-01",DKK,Denmark,24.75,8,3.09
"2001-04-01",EUR,Euro area,2.57,1,2.57
"2001-04-01",HKD,Hong Kong,10.7,7,1.53
"2001-04-01",HUF,Hungary,399.0,303,1.32
"2001-04-01",IDR,Indonesia,14700.0,10855,1.35
"2001-04-01",JPY,Japan,294.0,124,2.37
"2001-04-01",MYR,Malaysia,4.52,3,1.51
"2001-04-01",MXN,Mexico,21.9,9,2.43
"2001-04-01",NZD,New Zealand,3.6,2,1.8
"2001-04-01",PHP,Philippines,59.0,50,1.18
"2001-04-01",PLN,Poland,5.9,4,1.48
"2001-04-01",RUB,Russia,35.0,28,1.25
"2001-04-01",SGD,Singapore,3.3,1,3.3
"2001-04-01",ZAR,South Africa,9.7,8,1.21
"2001-04-01",KRW,South Korea,3000.0,1325,2.26
"2001-04-01",SEK,Sweden,24.0,10,2.4
"2001-04-01",CHF,Switzerland,6.3,1,6.3
"2001-04-01",TWD,Taiwan,70.0,32,2.19
"2001-04-01",THB,Thailand,55.0,45,1.22
"2001-04-01",USD,United States,2.24,1,2.24
"2002-04-01",ARS,Argentina,2.5,3,0.83
"2002-04-01",AUD,Australia,3.0,1,3.0
"2002-04-01",BRL,Brazil,3.6,2,1.8
"2002-04-01",GBP,Britain,1.99,1,1.99
"2002-04-01",CAD,Canada,3.33,1,3.33
"2002-04-01",CLP,Chile,1400.0,655,2.14
"2002-04-01",CNY,China,10.5,8,1.31
"2002-04-01",CZK,Czech Republic,56.28,34,1.66
"2002-04-01",DKK,Denmark,24.75,8,3.09
"2002-04-01",EUR,Euro area,2.67,1,2.67
"2002-04-01",HKD,Hong Kong,11.2,8,1.4
"2002-04-01",HUF,Hungary,459.0,272,1.69
"2002-04-01",IDR,Indonesia,16000.0,9430,1.7
"2002-04-01",ILS,Israel,12.0,4,3.0
"2002-04-01",JPY,Japan,262.0,130,2.02
"2002-04-01",MYR,Malaysia,5.04,3,1.68
"2002-04-01",MXN,Mexico,21.9,9,2.43
"2002-04-01",NZD,New Zealand,3.6,2,1.8
"2002-04-01",NOK,Norway,35.0,8,4.38
"2002-04-01",PEN,Peru,8.5,3,2.83
"2002-04-01",PHP,Philippines,65.0,51,1.27
"2002-04-01",PLN,Poland,5.9,4,1.48
"2002-04-01",RUB,Russia,39.0,31,1.26
"2002-04-01",SGD,Singapore,3.3,1,3.3
"2002-04-01",ZAR,South Africa,9.7,10,0.97
"2002-04-01",KRW,South Korea,3100.0,1304,2.38
"2002-04-01",SEK,Sweden,26.0,10,2.6
"2002-04-01",CHF,Switzerland,6.3,1,6.3
"2002-04-01",TWD,Taiwan,70.0,34,2.06
"2002-04-01",THB,Thailand,55.0,43,1.28
"2002-04-01",TRY,Turkey,4000000.0,1324500,3.02
"2002-04-01",USD,United States,2.35,1,2.35
"2002-04-01",VEF,Venezuela,2500.0,857,2.92
"2003-04-01",ARS,Argentina,4.1,2,2.05
"2003-04-01",AUD,Australia,3.0,1,3.0
"2003-04-01",BRL,Brazil,4.55,3,1.52
"2003-04-01",GBP,Britain,1.99,1,1.99
"2003-04-01",CAD,Canada,3.2,1,3.2
"2003-04-01",CLP,Chile,1400.0,716,1.96
"2003-04-01",CNY,China,9.9,8,1.24
"2003-04-01",CZK,Czech Republic,56.57,28,2.02
"2003-04-01",DKK,Denmark,27.75,6,4.62
"2003-04-01",EGP,Egypt,8.0,5,1.6
"2003-04-01",EUR,Euro area,2.71,1,2.71
"2003-04-01",HKD,Hong Kong,11.5,7,1.64
"2003-04-01",HUF,Hungary,490.0,224,2.19
"2003-04-01",IDR,Indonesia,16100.0,8740,1.84
"2003-04-01",JPY,Japan,262.0,120,2.18
"2003-04-01",MYR,Malaysia,5.04,3,1.68
"2003-04-01",MXN,Mexico,23.0,10,2.3
"2003-04-01",NZD,New Zealand,3.95,1,3.95
"2003-04-01",PEN,Peru,7.9,3,2.63
"2003-04-01",PHP,Philippines,65.0,52,1.25
"2003-04-01",PLN,Poland,6.3,3,2.1
"2003-04-01",RUB,Russia,41.0,31,1.32
"2003-04-01",SGD,Singapore,3.3,1,3.3
"2003-04-01",ZAR,South Africa,13.95,7,1.99
"2003-04-01",KRW,South Korea,3300.0,1220,2.7
"2003-04-01",SEK,Sweden,30.0,8,3.75
"2003-04-01",CHF,Switzerland,6.3,1,6.3
"2003-04-01",TWD,Taiwan,70.0,34,2.06
"2003-04-01",THB,Thailand,59.0,42,1.4
"2003-04-01",TRY,Turkey,3750000.0,1600500,2.34
"2003-04-01",USD,United States,2.46,1,2.46
"2003-04-01",VEF,Venezuela,3700.0,1598,2.32
"2004-05-01",ARS,Argentina,4.36,2,2.18
"2004-05-01",AUD,Australia,3.25,1,3.25
"2004-05-01",BRL,Brazil,5.4,3,1.8
"2004-05-01",GBP,Britain,1.88,1,1.88
"2004-05-01",CAD,Canada,3.19,1,3.19
"2004-05-01",CLP,Chile,1400.0,641,2.18
"2004-05-01",CNY,China,10.4,8,1.3
"2004-05-01",COP,Colombia,6500.0,2769,2.35
"2004-05-01",CRC,Costa Rica,1130.0,433,2.61
"2004-05-01",CZK,Czech Republic,56.42,26,2.17
"2004-05-01",DKK,Denmark,27.75,6,4.62
"2004-05-01",EGP,Egypt,10.0,6,1.67
"2004-05-01",EUR,Euro area,2.74,1,2.74
"2004-05-01",HKD,Hong Kong,12.0,7,1.71
"2004-05-01",HUF,Hungary,530.0,211,2.51
"2004-05-01",IDR,Indonesia,16100.0,9120,1.77
"2004-05-01",JPY,Japan,262.0,113,2.32
"2004-05-01",MYR,Malaysia,5.04,3,1.68
"2004-05-01",MXN,Mexico,24.0,11,2.18
"2004-05-01",NZD,New Zealand,4.35,1,4.35
"2004-05-01",NOK,Norway,35.5,6,5.92
"2004-05-01",PKR,Pakistan,110.0,57,1.93
"2004-05-01",PEN,Peru,8.99,3,3.0
"2004-05-01",PHP,Philippines,69.0,55,1.25
"2004-05-01",PLN,Poland,6.3,3,2.1
"2004-05-01",RUB,Russia,42.0,29,1.45
"2004-05-01",SAR,Saudi Arabia,2.4,3,0.8
"2004-05-01",SGD,Singapore,3.3,1,3.3
"2004-05-01",ZAR,South Africa,12.4,6,2.07
"2004-05-01",KRW,South Korea,3200.0,1177,2.72
"2004-05-01",LKR,Sri Lanka,140.0,99,1.41
"2004-05-01",SEK,Sweden,30.0,7,4.29
"2004-05-01",CHF,Switzerland,6.3,1,6.3
"2004-05-01",TWD,Taiwan,75.0,33,2.27
"2004-05-01",THB,Thailand,59.0,40,1.48
"2004-05-01",TRY,Turkey,3950000.0,1531000,2.58
"2004-05-01",UAH,Ukraine,7.25,5,1.45
"2004-05-01",USD,United States,2.47,1,2.47
"2004-05-01",UYU,Uruguay,29.8,29,1.03
"2004-05-01",VEF,Venezuela,4400.0,2977,1.48
"2005-06-01",ARS,Argentina,4.75,2,2.38
"2005-06-01",AUD,Australia,3.25,1,3.25
"2005-06-01",BRL,Brazil,5.9,2,2.95
"2005-06-01",GBP,Britain,1.88,1,1.88
"2005-06-01",CAD,Canada,3.28,1,3.28
"2005-06-01",CLP,Chile,1500.0,592,2.53
"2005-06-01",CNY,China,10.5,8,1.31
"2005-06-01",COP,Colombia,6500.0,2327,2.79
"2005-06-01",CRC,Costa Rica,1130.0,475,2.38
"2005-06-01",CZK,Czech Republic,56.42,24,2.35
"2005-06-01",DKK,Denmark,27.75,6,4.62
"2005-06-01",EGP,Egypt,9.0,5,1.8
"2005-06-01",EUR,Euro area,2.92,1,2.92
"2005-06-01",HKD,Hong Kong,12.0,7,1.71
"2005-06-01",HUF,Hungary,530.0,203,2.61
"2005-06-01",IDR,Indonesia,14600.0,9545,1.53
"2005-06-01",JPY,Japan,250.0,106,2.36
"2005-06-01",MYR,Malaysia,5.25,3,1.75
"2005-06-01",MXN,Mexico,28.0,10,2.8
"2005-06-01",NZD,New Zealand,4.45,1,4.45
"2005-06-01",NOK,Norway,39.0,6,6.5
"2005-06-01",PKR,Pakistan,130.0,59,2.2
"2005-06-01",PEN,Peru,8.99,3,3.0
"2005-06-01",PHP,Philippines,80.0,54,1.48
"2005-06-01",PLN,Poland,6.5,3,2.17
"2005-06-01",RUB,Russia,42.0,28,1.5
"2005-06-01",SAR,Saudi Arabia,9.0,3,3.0
"2005-06-01",SGD,Singapore,3.6,1,3.6
"2005-06-01",ZAR,South Africa,13.95,6,2.32
"2005-06-01",KRW,South Korea,2500.0,1005,2.49
"2005-06-01",LKR,Sri Lanka,175.0,99,1.77
"2005-06-01",SEK,Sweden,31.0,7,4.43
"2005-06-01",CHF,Switzerland,6.3,1,6.3
"2005-06-01",TWD,Taiwan,75.0,31,2.42
"2005-06-01",THB,Thailand,60.0,40,1.5
"2005-06-01",TRY,Turkey,4.0,1,4.0
"2005-06-01",AED,UAE,9.0,3,3.0
"2005-06-01",UAH,Ukraine,7.25,5,1.45
"2005-06-01",USD,United States,2.58,1,2.58
"2005-06-01",UYU,Uruguay,44.0,24,1.83
"2005-06-01",VEF,Venezuela,5600.0,2629,2.13
"2006-01-01",ARS,Argentina,4.75,3,1.58
"2006-01-01",AUD,Australia,3.25,1,3.25
"2006-01-01",BRL,Brazil,6.2,2,3.1
"2006-01-01",GBP,Britain,1.88,1,1.88
"2006-01-01",CAD,Canada,3.52,1,3.52
"2006-01-01",CLP,Chile,1560.0,522,2.99
"2006-01-01",CNY,China,10.5,8,1.31
"2006-01-01",CZK,Czech Republic,62.0,23,2.7
"2006-01-01",DKK,Denmark,27.75,6,4.62
"2006-01-01",EGP,Egypt,9.25,5,1.85
"2006-01-01",EUR,Euro area,2.91,1,2.91
"2006-01-01",HKD,Hong Kong,12.0,7,1.71
"2006-01-01",HUF,Hungary,560.0,206,2.72
"2006-01-01",IDR,Indonesia,14600.0,9460,1.54
"2006-01-01",JPY,Japan,250.0,114,2.19
"2006-01-01",MYR,Malaysia,5.5,3,1.83
"2006-01-01",MXN,Mexico,28.0,10,2.8
"2006-01-01",NZD,New Zealand,4.45,1,4.45
"2006-01-01",PEN,Peru,9.5,3,3.17
"2006-01-01",PHP,Philippines,82.0,52,1.58
"2006-01-01",PLN,Poland,6.5,3,2.17
"2006-01-01",RUB,Russia,46.0,28,1.64
"2006-01-01",SGD,Singapore,3.6,1,3.6
"2006-01-01",ZAR,South Africa,13.95,6,2.32
"2006-01-01",KRW,South Korea,2500.0,977,2.56
"2006-01-01",SEK,Sweden,33.0,7,4.71
"2006-01-01",CHF,Switzerland,6.3,1,6.3
"2006-01-01",TWD,Taiwan,75.0,31,2.42
"2006-01-01",THB,Thailand,60.0,39,1.54
"2006-01-01",TRY,Turkey,4.1,1,4.1
"2006-01-01",USD,United States,2.67,1,2.67
"2006-01-01",VEF,Venezuela,5900.0,2615,2.26
"2006-05-01",ARS,Argentina,7.0,3,2.33
"2006-05-01",AUD,Australia,3.25,1,3.25
"2006-05-01",BRL,Brazil,6.4,2,3.2
"2006-05-01",GBP,Britain,1.94,1,1.94
"2006-05-01",CAD,Canada,3.52,1,3.52
"2006-05-01",CLP,Chile,1560.0,529,2.95
"2006-05-01",CNY,China,10.5,8,1.31
"2006-05-01",COP,Colombia,6500.0,2503,2.6
"2006-05-01",CRC,Costa Rica,1130.0,509,2.22
"2006-05-01",CZK,Czech Republic,59.05,22,2.68
"2006-05-01",DKK,Denmark,27.75,5,5.55
"2006-05-01",EGP,Egypt,9.5,5,1.9
"2006-05-01",EUR,Euro area,2.939573529,1,2.94
"2006-05-01",HKD,Hong Kong,12.0,7,1.71
"2006-05-01",HUF,Hungary,560.0,206,2.72
"2006-05-01",IDR,Indonesia,14600.0,9325,1.57
"2006-05-01",JPY,Japan,250.0,112,2.23
"2006-05-01",MYR,Malaysia,5.5,3,1.83
"2006-05-01",MXN,Mexico,29.0,11,2.64
"2006-05-01",NZD,New Zealand,4.45,1,4.45
"2006-05-01",NOK,Norway,43.0,6,7.17
"2006-05-01",PKR,Pakistan,130.0,60,2.17
"2006-05-01",PEN,Peru,9.5,3,3.17
"2006-05-01",PHP,Philippines,85.0,52,1.63
"2006-05-01",PLN,Poland,6.5,3,2.17
"2006-05-01",RUB,Russia,48.0,27,1.78
"2006-05-01",SAR,Saudi Arabia,9.0,3,3.0
"2006-05-01",SGD,Singapore,3.6,1,3.6
"2006-05-01",ZAR,South Africa,13.95,6,2.32
"2006-05-01",KRW,South Korea,2500.0,952,2.63
"2006-05-01",LKR,Sri Lanka,190.0,102,1.86
"2006-05-01",SEK,Sweden,33.0,7,4.71
"2006-05-01",CHF,Switzerland,6.3,1,6.3
"2006-05-01",TWD,Taiwan,75.0,32,2.34
"2006-05-01",THB,Thailand,60.0,38,1.58
"2006-05-01",TRY,Turkey,4.2,1,4.2
"2006-05-01",AED,UAE,9.0,3,3.0
"2006-05-01",UAH,Ukraine,8.5,5,1.7
"2006-05-01",USD,United States,2.78,1,2.78
"2006-05-01",UYU,Uruguay,42.28,23,1.84
"2006-05-01",VEF,Venezuela,5701.25,2519,2.26
"2007-01-01",ARS,Argentina,8.25,3,2.75
"2007-01-01",AUD,Australia,3.45,1,3.45
"2007-01-01",BRL,Brazil,6.4,2,3.2
"2007-01-01",GBP,Britain,1.94,1,1.94
"2007-01-01",CAD,Canada,3.63,1,3.63
"2007-01-01",CLP,Chile,1670.0,540,3.09
"2007-01-01",CNY,China,11.0,7,1.57
"2007-01-01",COP,Colombia,6900.0,2239,3.08
"2007-01-01",CRC,Costa Rica,1130.0,509,2.22
"2007-01-01",CZK,Czech Republic,52.1,21,2.48
"2007-01-01",DKK,Denmark,27.75,5,5.55
"2007-01-01",EGP,Egypt,9.09,5,1.82
"2007-01-01",EUR,Euro area,2.94,1,2.94
"2007-01-01",HKD,Hong Kong,12.0,7,1.71
"2007-01-01",HUF,Hungary,590.0,194,3.04
"2007-01-01",IDR,Indonesia,15900.0,9090,1.75
"2007-01-01",JPY,Japan,280.0,121,2.31
"2007-01-01",MYR,Malaysia,5.5,3,1.83
"2007-01-01",MXN,Mexico,29.0,10,2.9
"2007-01-01",NZD,New Zealand,4.6,1,4.6
"2007-01-01",NOK,Norway,41.5,6,6.92
"2007-01-01",PKR,Pakistan,140.0,60,2.33
"2007-01-01",PEN,Peru,9.5,3,3.17
"2007-01-01",PHP,Philippines,85.0,49,1.73
"2007-01-01",PLN,Poland,6.9,2,3.45
"2007-01-01",RUB,Russia,49.0,26,1.88
"2007-01-01",SAR,Saudi Arabia,9.0,3,3.0
"2007-01-01",SGD,Singapore,3.6,1,3.6
"2007-01-01",ZAR,South Africa,15.5,7,2.21
"2007-01-01",KRW,South Korea,2900.0,940,3.09
"2007-01-01",LKR,Sri Lanka,190.0,102,1.86
"2007-01-01",SEK,Sweden,32.0,7,4.57
"2007-01-01",CHF,Switzerland,6.3,1,6.3
"2007-01-01",TWD,Taiwan,75.0,32,2.34
"2007-01-01",THB,Thailand,62.0,35,1.77
"2007-01-01",TRY,Turkey,4.55,1,4.55
"2007-01-01",AED,UAE,10.0,3,3.33
"2007-01-01",UAH,Ukraine,9.0,5,1.8
"2007-01-01",USD,United States,2.89,1,2.89
"2007-01-01",UYU,Uruguay,55.0,23,2.39
"2007-01-01",VEF,Venezuela,6800.0,4125,1.65
"2007-06-01",ARS,Argentina,8.25,3,2.75
"2007-06-01",AUD,Australia,3.45,1,3.45
"2007-06-01",BRL,Brazil,6.9,1,6.9
"2007-06-01",GBP,Britain,1.99,1,1.99
"2007-06-01",CAD,Canada,3.88,1,3.88
"2007-06-01",CLP,Chile,1565.0,526,2.98
"2007-06-01",CNY,China,11.0,7,1.57
"2007-06-01",COP,Colombia,6900.0,1956,3.53
"2007-06-01",CRC,Costa Rica,1130.0,518,2.18
"2007-06-01",CZK,Czech Republic,52.9,21,2.52
"2007-06-01",DKK,Denmark,27.75,5,5.55
"2007-06-01",EGP,Egypt,9.54,5,1.91
"2007-06-01",EUR,Euro area,3.057482443,1,3.06
"2007-06-01",HKD,Hong Kong,12.0,7,1.71
"2007-06-01",HUF,Hungary,600.0,180,3.33
"2007-06-01",IDR,Indonesia,15900.0,9015,1.76
"2007-06-01",JPY,Japan,280.0,122,2.3
"2007-06-01",MYR,Malaysia,5.5,3,1.83
"2007-06-01",MXN,Mexico,29.0,10,2.9
"2007-06-01",NZD,New Zealand,4.6,1,4.6
"2007-06-01",NOK,Norway,40.0,5,8.0
"2007-06-01",PKR,Pakistan,140.0,60,2.33
"2007-06-01",PEN,Peru,9.5,3,3.17
"2007-06-01",PHP,Philippines,85.0,45,1.89
"2007-06-01",PLN,Poland,6.9,2,3.45
"2007-06-01",RUB,Russia,52.0,25,2.08
"2007-06-01",SAR,Saudi Arabia,9.0,3,3.0
"2007-06-01",SGD,Singapore,3.95,1,3.95
"2007-06-01",ZAR,South Africa,15.5,6,2.58
"2007-06-01",KRW,South Korea,2900.0,922,3.15
"2007-06-01",LKR,Sri Lanka,210.0,111,1.89
"2007-06-01",SEK,Sweden,33.0,6,5.5
"2007-06-01",CHF,Switzerland,6.3,1,6.3
"2007-06-01",TWD,Taiwan,75.0,32,2.34
"2007-06-01",THB,Thailand,62.0,34,1.82
"2007-06-01",TRY,Turkey,4.75,1,4.75
"2007-06-01",AED,UAE,10.0,3,3.33
"2007-06-01",UAH,Ukraine,9.25,5,1.85
"2007-06-01",USD,United States,3.0,1,3.0
"2007-06-01",UYU,Uruguay,62.0,23,2.7
"2007-06-01",VEF,Venezuela,7400.0,2147,3.45
"2008-06-01",ARS,Argentina,11.0,3,3.67
"2008-06-01",AUD,Australia,3.45,1,3.45
"2008-06-01",BRL,Brazil,7.5,1,7.5
"2008-06-01",GBP,Britain,2.29,1,2.29
"2008-06-01",CAD,Canada,4.09,1,4.09
"2008-06-01",CLP,Chile,1550.0,494,3.14
"2008-06-01",CNY,China,12.5,6,2.08
"2008-06-01",COP,Colombia,7000.0,1798,3.89
"2008-06-01",CRC,Costa Rica,1800.0,551,3.27
"2008-06-01",CZK,Czech Republic,66.08,14,4.72
"2008-06-01",DKK,Denmark,28.0,4,7.0
"2008-06-01",EGP,Egypt,13.0,5,2.6
"2008-06-01",EUR,Euro area,3.36856,1,3.37
"2008-06-01",HKD,Hong Kong,13.3,7,1.9
"2008-06-01",HUF,Hungary,670.0,144,4.65
"2008-06-01",IDR,Indonesia,18700.0,9152,2.04
"2008-06-01",JPY,Japan,280.0,106,2.64
"2008-06-01",MYR,Malaysia,5.5,3,1.83
"2008-06-01",MXN,Mexico,32.0,10,3.2
"2008-06-01",NZD,New Zealand,4.9,1,4.9
"2008-06-01",NOK,Norway,40.0,5,8.0
"2008-06-01",PKR,Pakistan,140.0,70,2.0
"2008-06-01",PEN,Peru,9.5,2,4.75
"2008-06-01",PHP,Philippines,87.0,44,1.98
"2008-06-01",PLN,Poland,7.0,2,3.5
"2008-06-01",RUB,Russia,59.0,23,2.57
"2008-06-01",SAR,Saudi Arabia,10.0,3,3.33
"2008-06-01",SGD,Singapore,3.95,1,3.95
"2008-06-01",ZAR,South Africa,16.95,7,2.42
"2008-06-01",KRW,South Korea,3200.0,1018,3.14
"2008-06-01",LKR,Sri Lanka,210.0,107,1.96
"2008-06-01",SEK,Sweden,38.0,5,7.6
"2008-06-01",CHF,Switzerland,6.5,1,6.5
"2008-06-01",TWD,Taiwan,75.0,30,2.5
"2008-06-01",THB,Thailand,62.0,33,1.88
"2008-06-01",TRY,Turkey,5.15,1,5.15
"2008-06-01",AED,UAE,10.0,3,3.33
"2008-06-01",UAH,Ukraine,11.0,4,2.75
"2008-06-01",USD,United States,3.21,1,3.21
"2008-06-01",UYU,Uruguay,61.0,19,3.21
"2009-07-01",ARS,Argentina,11.5,3,3.83
"2009-07-01",AUD,Australia,4.34,1,4.34
"2009-07-01",BRL,Brazil,8.03,1,8.03
"2009-07-01",GBP,Britain,2.29,1,2.29
"2009-07-01",CAD,Canada,3.89,1,3.89
"2009-07-01",CLP,Chile,1750.0,548,3.19
"2009-07-01",CNY,China,12.5,6,2.08
"2009-07-01",COP,Colombia,7000.0,2095,3.34
"2009-07-01",CRC,Costa Rica,2000.0,582,3.44
"2009-07-01",CZK,Czech Republic,67.92,18,3.77
"2009-07-01",DKK,Denmark,29.5,5,5.9
"2009-07-01",EGP,Egypt,13.0,5,2.6
"2009-07-01",EUR,Euro area,3.31,1,3.31
"2009-07-01",HKD,Hong Kong,13.3,7,1.9
"2009-07-01",HUF,Hungary,720.0,199,3.62
"2009-07-01",IDR,Indonesia,20900.0,10200,2.05
"2009-07-01",ILS,Israel,15.0,3,5.0
"2009-07-01",JPY,Japan,320.0,92,3.48
"2009-07-01",MYR,Malaysia,6.77,3,2.26
"2009-07-01",MXN,Mexico,33.0,13,2.54
"2009-07-01",NZD,New Zealand,4.9,1,4.9
"2009-07-01",NOK,Norway,40.0,6,6.67
"2009-07-01",PKR,Pakistan,190.0,82,2.32
"2009-07-01",PEN,Peru,8.056,3,2.69
"2009-07-01",PHP,Philippines,99.39,48,2.07
"2009-07-01",PLN,Poland,7.6,3,2.53
"2009-07-01",RUB,Russia,67.0,32,2.09
"2009-07-01",SAR,Saudi Arabia,11.0,3,3.67
"2009-07-01",SGD,Singapore,4.22,1,4.22
"2009-07-01",ZAR,South Africa,17.95,8,2.24
"2009-07-01",KRW,South Korea,3400.0,1314,2.59
"2009-07-01",LKR,Sri Lanka,210.0,114,1.84
"2009-07-01",SEK,Sweden,39.0,7,5.57
"2009-07-01",CHF,Switzerland,6.5,1,6.5
"2009-07-01",TWD,Taiwan,75.0,33,2.27
"2009-07-01",THB,Thailand,64.49,34,1.9
"2009-07-01",TRY,Turkey,5.65,1,5.65
"2009-07-01",AED,UAE,10.0,3,3.33
"2009-07-01",UAH,Ukraine,14.0,7,2.0
"2009-07-01",USD,United States,3.43,1,3.43
"2009-07-01",UYU,Uruguay,61.0,23,2.65
"2010-01-01",ARS,Argentina,7.0,3,2.33
"2010-01-01",AUD,Australia,4.35,1,4.35
"2010-01-01",BRL,Brazil,8.2,1,8.2
"2010-01-01",GBP,Britain,2.29,1,2.29
"2010-01-01",CAD,Canada,4.12,1,4.12
"2010-01-01",CLP,Chile,1600.0,503,3.18
"2010-01-01",CNY,China,12.5,6,2.08
"2010-01-01",COP,Colombia,8200.0,2095,3.91
"2010-01-01",CRC,Costa Rica,2050.0,582,3.52
"2010-01-01",CZK,Czech Republic,67.64,18,3.76
"2010-01-01",DKK,Denmark,30.94,5,6.19
"2010-01-01",EGP,Egypt,13.0,5,2.6
"2010-01-01",EUR,Euro area,3.36,1,3.36
"2010-01-01",HKD,Hong Kong,14.8,7,2.11
"2010-01-01",HUF,Hungary,720.0,186,3.87
"2010-01-01",IDR,Indonesia,20900.0,9320,2.24
"2010-01-01",ILS,Israel,14.9,3,4.97
"2010-01-01",JPY,Japan,320.0,91,3.52
"2010-01-01",MYR,Malaysia,7.05,3,2.35
"2010-01-01",MXN,Mexico,32.0,12,2.67
"2010-01-01",NZD,New Zealand,4.9,1,4.9
"2010-01-01",NOK,Norway,40.0,5,8.0
"2010-01-01",PKR,Pakistan,200.0,82,2.44
"2010-01-01",PEN,Peru,8.056,2,4.03
"2010-01-01",PHP,Philippines,101.52,45,2.26
"2010-01-01",PLN,Poland,8.1,2,4.05
"2010-01-01",RUB,Russia,70.0,29,2.41
"2010-01-01",SAR,Saudi Arabia,10.0,3,3.33
"2010-01-01",SGD,Singapore,4.45,1,4.45
"2010-01-01",ZAR,South Africa,17.95,7,2.56
"2010-01-01",KRW,South Korea,3400.0,1140,2.98
"2010-01-01",LKR,Sri Lanka,210.0,114,1.84
"2010-01-01",SEK,Sweden,39.0,7,5.57
"2010-01-01",CHF,Switzerland,6.5,1,6.5
"2010-01-01",TWD,Taiwan,75.0,31,2.42
"2010-01-01",THB,Thailand,70.0,33,2.12
"2010-01-01",TRY,Turkey,5.65,1,5.65
"2010-01-01",AED,UAE,11.0,3,3.67
"2010-01-01",UAH,Ukraine,14.0,7,2.0
"2010-01-01",USD,United States,3.43,1,3.43
"2010-01-01",UYU,Uruguay,77.0,23,3.35
"2010-07-01",ARS,Argentina,14.0,3,4.67
"2010-07-01",AUD,Australia,4.35,1,4.35
"2010-07-01",BRL,Brazil,8.71,1,8.71
"2010-07-01",GBP,Britain,2.29,1,2.29
"2010-07-01",CAD,Canada,4.17,1,4.17
"2010-07-01",CLP,Chile,1750.0,523,3.35
"2010-07-01",CNY,China,13.2,6,2.2
"2010-07-01",COP,Colombia,8200.0,1868,4.39
"2010-07-01",CRC,Costa Rica,2000.0,522,3.83
"2010-07-01",CZK,Czech Republic,67.64,19,3.56
"2010-07-01",DKK,Denmark,28.5,5,5.7
"2010-07-01",EGP,Egypt,13.0,5,2.6
"2010-07-01",EUR,Euro area,3.380031071,1,3.38
"2010-07-01",HKD,Hong Kong,14.8,7,2.11
"2010-07-01",HUF,Hungary,740.0,221,3.35
"2010-07-01",IDR,Indonesia,22780.0,9063,2.51
"2010-07-01",ILS,Israel,14.9,3,4.97
"2010-07-01",JPY,Japan,320.0,87,3.68
"2010-07-01",MYR,Malaysia,7.05,3,2.35
"2010-07-01",MXN,Mexico,32.0,12,2.67
"2010-07-01",NZD,New Zealand,5.0,1,5.0
"2010-07-01",NOK,Norway,45.0,6,7.5
"2010-07-01",PKR,Pakistan,210.0,85,2.47
"2010-07-01",PEN,Peru,10.0,2,5.0
"2010-07-01",PHP,Philippines,102.0,46,2.22
"2010-07-01",PLN,Poland,8.3,3,2.77
"2010-07-01",RUB,Russia,71.0,30,2.37
"2010-07-01",SAR,Saudi Arabia,10.0,3,3.33
"2010-07-01",SGD,Singapore,4.23,1,4.23
"2010-07-01",ZAR,South Africa,18.45,7,2.64
"2010-07-01",KRW,South Korea,3400.0,1204,2.82
"2010-07-01",LKR,Sri Lanka,210.0,112,1.88
"2010-07-01",SEK,Sweden,48.4,7,6.91
"2010-07-01",CHF,Switzerland,6.5,1,6.5
"2010-07-01",TWD,Taiwan,75.0,32,2.34
"2010-07-01",THB,Thailand,70.0,32,2.19
"2010-07-01",TRY,Turkey,5.95,1,5.95
"2010-07-01",AED,UAE,11.0,3,3.67
"2010-07-01",UAH,Ukraine,14.5,7,2.07
"2010-07-01",USD,United States,3.53,1,3.53
"2010-07-01",UYU,Uruguay,79.0,21,3.76
"2011-07-01",ARS,Argentina,20.0,4,5.0
"2011-07-01",AUD,Australia,4.56,1,4.56
"2011-07-01",EUR,Austria,3.09,1,3.09
"2011-07-01",EUR,Belgium,3.75,1,3.75
"2011-07-01",BRL,Brazil,9.5,1,9.5
"2011-07-01",GBP,Britain,2.39,1,2.39
"2011-07-01",CAD,Canada,4.73,1,4.73
"2011-07-01",CLP,Chile,1850.0,462,4.0
"2011-07-01",CNY,China,14.65,6,2.44
"2011-07-01",COP,Colombia,8400.0,1770,4.75
"2011-07-01",CRC,Costa Rica,2050.0,504,4.07
"2011-07-01",CZK,Czech Republic,69.32,17,4.08
"2011-07-01",DKK,Denmark,28.5,5,5.7
"2011-07-01",EGP,Egypt,14.09,5,2.82
"2011-07-01",EUR,Estonia,2.2,1,2.2
"2011-07-01",EUR,Euro area,3.437660401,1,3.44
"2011-07-01",EUR,Finland,3.75,1,3.75
"2011-07-01",EUR,France,3.5,1,3.5
"2011-07-01",EUR,Germany,3.4,1,3.4
"2011-07-01",EUR,Greece,3.26,1,3.26
"2011-07-01",HKD,Hong Kong,15.1,7,2.16
"2011-07-01",HUF,Hungary,760.0,188,4.04
"2011-07-01",INR,India,84.0,44,1.91
"2011-07-01",IDR,Indonesia,22534.0,8523,2.64
"2011-07-01",EUR,Ireland,3.8,1,3.8
"2011-07-01",ILS,Israel,15.9,3,5.3
"2011-07-01",EUR,Italy,3.5,1,3.5
"2011-07-01",JPY,Japan,320.0,78,4.1
"2011-07-01",MYR,Malaysia,7.2,2,3.6
"2011-07-01",MXN,Mexico,32.0,11,2.91
"2011-07-01",EUR,Netherlands,3.25,1,3.25
"2011-07-01",NZD,New Zealand,5.1,1,5.1
"2011-07-01",NOK,Norway,45.0,5,9.0
"2011-07-01",PKR,Pakistan,205.13,86,2.39
"2011-07-01",PEN,Peru,10.0,2,5.0
"2011-07-01",PHP,Philippines,118.0,42,2.81
"2011-07-01",PLN,Poland,8.63,2,4.32
"2011-07-01",EUR,Portugal,2.9,1,2.9
"2011-07-01",RUB,Russia,75.0,27,2.78
"2011-07-01",SAR,Saudi Arabia,10.0,3,3.33
"2011-07-01",SGD,Singapore,4.41,1,4.41
"2011-07-01",ZAR,South Africa,19.45,6,3.24
"2011-07-01",KRW,South Korea,3700.0,1056,3.5
"2011-07-01",EUR,Spain,3.5,1,3.5
"2011-07-01",LKR,Sri Lanka,280.0,109,2.57
"2011-07-01",SEK,Sweden,48.4,6,8.07
"2011-07-01",CHF,Switzerland,6.5,1,6.5
"2011-07-01",TWD,Taiwan,75.0,28,2.68
"2011-07-01",THB,Thailand,70.0,29,2.41
"2011-07-01",TRY,Turkey,6.5,1,6.5
"2011-07-01",AED,UAE,12.0,3,4.0
"2011-07-01",UAH,Ukraine,16.5,7,2.36
"2011-07-01",USD,United States,3.64,1,3.64
"2011-07-01",UYU,Uruguay,90.0,18,5.0
"2011-07-01",VEF,Venezuela,28.0,4,7.0
"2012-01-01",ARS,Argentina,20.0,4,5.0
"2012-01-01",AUD,Australia,4.8,1,4.8
"2012-01-01",EUR,Austria,3.09,1,3.09
"2012-01-01",EUR,Belgium,3.7,1,3.7
"2012-01-01",BRL,Brazil,10.25,1,10.25
"2012-01-01",GBP,Britain,2.49,1,2.49
"2012-01-01",CAD,Canada,4.73,1,4.73
"2012-01-01",CLP,Chile,2050.0,506,4.05
"2012-01-01",CNY,China,15.4,6,2.57
"2012-01-01",COP,Colombia,8400.0,1852,4.54
"2012-01-01",CRC,Costa Rica,2050.0,509,4.03
"2012-01-01",CZK,Czech Republic,70.22,20,3.51
"2012-01-01",DKK,Denmark,31.5,5,6.3
"2012-01-01",EGP,Egypt,15.5,6,2.58
"2012-01-01",EUR,Estonia,2.04,1,2.04
"2012-01-01",EUR,Euro area,3.49245637,1,3.49
"2012-01-01",EUR,Finland,3.75,1,3.75
"2012-01-01",EUR,France,3.6,1,3.6
"2012-01-01",EUR,Germany,3.53,1,3.53
"2012-01-01",EUR,Greece,3.3,1,3.3
"2012-01-01",HKD,Hong Kong,16.5,7,2.36
"2012-01-01",HUF,Hungary,645.0,245,2.63
"2012-01-01",INR,India,84.0,51,1.65
"2012-01-01",IDR,Indonesia,22534.0,9160,2.46
"2012-01-01",EUR,Ireland,3.8,1,3.8
"2012-01-01",ILS,Israel,15.9,3,5.3
"2012-01-01",EUR,Italy,3.5,1,3.5
"2012-01-01",JPY,Japan,320.0,76,4.21
"2012-01-01",MYR,Malaysia,7.35,3,2.45
"2012-01-01",MXN,Mexico,37.0,13,2.85
"2012-01-01",EUR,Netherlands,3.25,1,3.25
"2012-01-01",NZD,New Zealand,5.1,1,5.1
"2012-01-01",NOK,Norway,41.0,6,6.83
"2012-01-01",PKR,Pakistan,260.0,90,2.89
"2012-01-01",PEN,Peru,10.0,2,5.0
"2012-01-01",PHP,Philippines,118.0,44,2.68
"2012-01-01",PLN,Poland,9.1,3,3.03
"2012-01-01",EUR,Portugal,2.9,1,2.9
"2012-01-01",RUB,Russia,81.0,31,2.61
"2012-01-01",SAR,Saudi Arabia,10.0,3,3.33
"2012-01-01",SGD,Singapore,4.85,1,4.85
"2012-01-01",ZAR,South Africa,19.95,8,2.49
"2012-01-01",KRW,South Korea,3700.0,1158,3.2
"2012-01-01",EUR,Spain,3.5,1,3.5
"2012-01-01",LKR,Sri Lanka,290.0,113,2.57
"2012-01-01",SEK,Sweden,41.0,6,6.83
"2012-01-01",CHF,Switzerland,6.5,1,6.5
"2012-01-01",TWD,Taiwan,75.0,29,2.59
"2012-01-01",THB,Thailand,78.0,31,2.52
"2012-01-01",TRY,Turkey,6.6,1,6.6
"2012-01-01",AED,UAE,12.0,3,4.0
"2012-01-01",UAH,Ukraine,17.0,8,2.12
"2012-01-01",USD,United States,3.81,1,3.81
"2012-01-01",UYU,Uruguay,90.0,19,4.74
"2012-01-01",VEF,Venezuela,30.0,4,7.5
"2012-07-01",ARS,Argentina,19.0,4,4.75
"2012-07-01",AUD,Australia,4.56,1,4.56
"2012-07-01",EUR,Austria,3.19,1,3.19
"2012-07-01",EUR,Belgium,3.8,1,3.8
"2012-07-01",BRL,Brazil,10.08,2,5.04
"2012-07-01",GBP,Britain,2.69,1,2.69
"2012-07-01",CAD,Canada,5.12,1,5.12
"2012-07-01",CLP,Chile,2050.0,493,4.16
"2012-07-01",CNY,China,15.65,6,2.61
"2012-07-01",COP,Colombia,8600.0,1804,4.77
"2012-07-01",CZK,Czech Republic,70.33,21,3.35
"2012-07-01",DKK,Denmark,28.5,6,4.75
"2012-07-01",EGP,Egypt,16.0,6,2.67
"2012-07-01",EUR,Estonia,2.04,1,2.04
"2012-07-01",EUR,Euro area,3.583482241,1,3.58
"2012-07-01",EUR,Finland,3.75,1,3.75
"2012-07-01",EUR,France,3.6,1,3.6
"2012-07-01",EUR,Germany,3.64,1,3.64
"2012-07-01",EUR,Greece,2.683,1,2.68
"2012-07-01",HKD,Hong Kong,16.5,7,2.36
"2012-07-01",HUF,Hungary,830.0,238,3.49
"2012-07-01",INR,India,89.0,56,1.59
"2012-07-01",IDR,Indonesia,24200.0,9482,2.55
"2012-07-01",EUR,Ireland,3.49,1,3.49
"2012-07-01",ILS,Israel,11.9,4,2.98
"2012-07-01",EUR,Italy,3.6,1,3.6
"2012-07-01",JPY,Japan,320.0,78,4.1
"2012-07-01",MYR,Malaysia,7.4,3,2.47
"2012-07-01",MXN,Mexico,37.0,13,2.85
"2012-07-01",EUR,Netherlands,3.38,1,3.38
"2012-07-01",NZD,New Zealand,5.1,1,5.1
"2012-07-01",NOK,Norway,43.0,6,7.17
"2012-07-01",PKR,Pakistan,285.0,94,3.03
"2012-07-01",PHP,Philippines,118.0,42,2.81
"2012-07-01",PLN,Poland,9.1,3,3.03
"2012-07-01",EUR,Portugal,4.95,1,4.95
"2012-07-01",RUB,Russia,75.0,32,2.34
"2012-07-01",SAR,Saudi Arabia,10.0,3,3.33
"2012-07-01",SGD,Singapore,4.4,1,4.4
"2012-07-01",ZAR,South Africa,19.95,8,2.49
"2012-07-01",KRW,South Korea,3700.0,1151,3.21
"2012-07-01",EUR,Spain,3.5,1,3.5
"2012-07-01",LKR,Sri Lanka,290.0,131,2.21
"2012-07-01",SEK,Sweden,39.97301987,6,6.66
"2012-07-01",CHF,Switzerland,6.5,1,6.5
"2012-07-01",TWD,Taiwan,75.0,30,2.5
"2012-07-01",THB,Thailand,82.0,31,2.65
"2012-07-01",TRY,Turkey,8.25,1,8.25
"2012-07-01",AED,UAE,12.0,3,4.0
"2012-07-01",UAH,Ukraine,15.0,8,1.88
"2012-07-01",USD,United States,3.96,1,3.96
"2012-07-01",UYU,Uruguay,99.0,21,4.71
"2012-07-01",VEF,Venezuela,34.0,4,8.5
"2013-01-01",ARS,Argentina,19.0,4,4.75
"2013-01-01",AUD,Australia,4.7,1,4.7
"2013-01-01",EUR,Austria,3.39,1,3.39
"2013-01-01",EUR,Belgium,3.8,1,3.8
"2013-01-01",BRL,Brazil,11.25,1,11.25
"2013-01-01",GBP,Britain,2.69,1,2.69
"2013-01-01",CAD,Canada,5.41,1,5.41
"2013-01-01",CLP,Chile,2050.0,471,4.35
"2013-01-01",CNY,China,16.0,6,2.67
"2013-01-01",COP,Colombia,8600.0,1773,4.85
"2013-01-01",CRC,Costa Rica,2200.0,500,4.4
"2013-01-01",CZK,Czech Republic,70.33,18,3.91
"2013-01-01",DKK,Denmark,28.5,5,5.7
"2013-01-01",EGP,Egypt,16.0,6,2.67
"2013-01-01",EUR,Estonia,2.7,1,2.7
"2013-01-01",EUR,Euro area,3.594849572,1,3.59
"2013-01-01",EUR,Finland,3.75,1,3.75
"2013-01-01",EUR,France,3.6,1,3.6
"2013-01-01",EUR,Germany,3.64,1,3.64
"2013-01-01",EUR,Greece,3.3,1,3.3
"2013-01-01",HKD,Hong Kong,17.0,7,2.43
"2013-01-01",HUF,Hungary,830.0,217,3.82
"2013-01-01",INR,India,89.0,53,1.68
"2013-01-01",IDR,Indonesia,27939.0,9767,2.86
"2013-01-01",EUR,Ireland,3.49,1,3.49
"2013-01-01",ILS,Israel,14.9,3,4.97
"2013-01-01",EUR,Italy,3.85,1,3.85
"2013-01-01",JPY,Japan,320.0,91,3.52
"2013-01-01",MYR,Malaysia,7.95,3,2.65
"2013-01-01",MXN,Mexico,37.0,12,3.08
"2013-01-01",EUR,Netherlands,3.45,1,3.45
"2013-01-01",NZD,New Zealand,5.2,1,5.2
"2013-01-01",NOK,Norway,43.0,5,8.6
"2013-01-01",PKR,Pakistan,290.0,97,2.99
"2013-01-01",PEN,Peru,10.0,2,5.0
"2013-01-01",PHP,Philippines,118.0,40,2.95
"2013-01-01",PLN,Poland,9.1,3,3.03
"2013-01-01",EUR,Portugal,2.95,1,2.95
"2013-01-01",RUB,Russia,72.88,30,2.43
"2013-01-01",SAR,Saudi Arabia,11.0,3,3.67
"2013-01-01",SGD,Singapore,4.5,1,4.5
"2013-01-01",ZAR,South Africa,20.9,9,2.32
"2013-01-01",KRW,South Korea,3700.0,1085,3.41
"2013-01-01",EUR,Spain,3.5,1,3.5
"2013-01-01",LKR,Sri Lanka,350.0,126,2.78
"2013-01-01",SEK,Sweden,40.55930138,6,6.76
"2013-01-01",CHF,Switzerland,6.5,1,6.5
"2013-01-01",TWD,Taiwan,75.0,29,2.59
"2013-01-01",THB,Thailand,87.0,29,3.0
"2013-01-01",TRY,Turkey,8.45,1,8.45
"2013-01-01",AED,UAE,12.0,3,4.0
"2013-01-01",UAH,Ukraine,19.0,8,2.38
"2013-01-01",USD,United States,4.03,1,4.03
"2013-01-01",UYU,Uruguay,105.0,19,5.53
"2013-01-01",VEF,Venezuela,39.0,4,9.75
"2013-07-01",ARS,Argentina,21.0,5,4.2
"2013-07-01",AUD,Australia,5.035,1,5.04
"2013-07-01",EUR,Austria,3.39,1,3.39
"2013-07-01",EUR,Belgium,3.7,1,3.7
"2013-07-01",BRL,Brazil,12.0,2,6.0
"2013-07-01",GBP,Britain,2.69,1,2.69
"2013-07-01",CAD,Canada,5.53,1,5.53
"2013-07-01",CLP,Chile,2000.0,508,3.94
"2013-07-01",CNY,China,16.0,6,2.67
"2013-07-01",COP,Colombia,8600.0,1921,4.48
"2013-07-01",CRC,Costa Rica,2150.0,498,4.32
"2013-07-01",CZK,Czech Republic,70.45,20,3.52
"2013-07-01",DKK,Denmark,28.5,5,5.7
"2013-07-01",EGP,Egypt,16.75,7,2.39
"2013-07-01",EUR,Estonia,2.75,1,2.75
"2013-07-01",EUR,Euro area,3.623870489,1,3.62
"2013-07-01",EUR,Finland,4.1,1,4.1
"2013-07-01",EUR,France,3.9,1,3.9
"2013-07-01",EUR,Germany,3.64,1,3.64
"2013-07-01",EUR,Greece,2.6,1,2.6
"2013-07-01",HKD,Hong Kong,17.0,7,2.43
"2013-07-01",HUF,Hungary,860.0,228,3.77
"2013-07-01",INR,India,90.0,59,1.53
"2013-07-01",IDR,Indonesia,27939.0,9965,2.8
"2013-07-01",EUR,Ireland,3.46,1,3.46
"2013-07-01",ILS,Israel,17.5,3,5.83
"2013-07-01",EUR,Italy,3.75,1,3.75
"2013-07-01",JPY,Japan,320.0,100,3.2
"2013-07-01",MYR,Malaysia,7.3,3,2.43
"2013-07-01",MXN,Mexico,37.0,12,3.08
"2013-07-01",EUR,Netherlands,3.45,1,3.45
"2013-07-01",NZD,New Zealand,5.5,1,5.5
"2013-07-01",NOK,Norway,46.0,6,7.67
"2013-07-01",PKR,Pakistan,300.0,100,3.0
"2013-07-01",PEN,Peru,10.0,2,5.0
"2013-07-01",PHP,Philippines,115.21,43,2.68
"2013-07-01",PLN,Poland,9.2,3,3.07
"2013-07-01",EUR,Portugal,2.95,1,2.95
"2013-07-01",RUB,Russia,87.0,32,2.72
"2013-07-01",SAR,Saudi Arabia,10.0,3,3.33
"2013-07-01",SGD,Singapore,4.7,1,4.7
"2013-07-01",ZAR,South Africa,22.5,10,2.25
"2013-07-01",KRW,South Korea,3900.0,1135,3.44
"2013-07-01",EUR,Spain,3.5,1,3.5
"2013-07-01",LKR,Sri Lanka,370.0,130,2.85
"2013-07-01",SEK,Sweden,41.61,6,6.94
"2013-07-01",CHF,Switzerland,6.5,1,6.5
"2013-07-01",TWD,Taiwan,79.0,30,2.63
"2013-07-01",THB,Thailand,89.0,31,2.87
"2013-07-01",TRY,Turkey,8.5,1,8.5
"2013-07-01",AED,UAE,12.0,3,4.0
"2013-07-01",UAH,Ukraine,19.0,8,2.38
"2013-07-01",USD,United States,4.18,1,4.18
"2013-07-01",UYU,Uruguay,105.0,21,5.0
"2013-07-01",VEF,Venezuela,45.0,6,7.5
"2014-01-01",ARS,Argentina,21.0,6,3.5
"2014-01-01",AUD,Australia,5.05,1,5.05
"2014-01-01",EUR,Austria,3.39,1,3.39
"2014-01-01",EUR,Belgium,3.95,1,3.95
"2014-01-01",BRL,Brazil,12.4,2,6.2
"2014-01-01",GBP,Britain,2.79,1,2.79
"2014-01-01",CAD,Canada,5.54,1,5.54
"2014-01-01",CLP,Chile,2000.0,541,3.7
"2014-01-01",CNY,China,16.6,6,2.77
"2014-01-01",COP,Colombia,8600.0,1982,4.34
"2014-01-01",CRC,Costa Rica,2150.0,501,4.29
"2014-01-01",CZK,Czech Republic,70.45,20,3.52
"2014-01-01",DKK,Denmark,28.5,5,5.7
"2014-01-01",EGP,Egypt,16.93,6,2.82
"2014-01-01",EUR,Estonia,2.8,1,2.8
"2014-01-01",EUR,Euro area,3.657962724,1,3.66
"2014-01-01",EUR,Finland,4.1,1,4.1
"2014-01-01",EUR,France,3.8,1,3.8
"2014-01-01",EUR,Germany,3.67,1,3.67
"2014-01-01",EUR,Greece,3.05,1,3.05
"2014-01-01",HKD,Hong Kong,18.0,7,2.57
"2014-01-01",HUF,Hungary,860.0,223,3.86
"2014-01-01",INR,India,95.0,61,1.56
"2014-01-01",IDR,Indonesia,27939.0,12140,2.3
"2014-01-01",EUR,Ireland,3.46,1,3.46
"2014-01-01",ILS,Israel,17.5,3,5.83
"2014-01-01",EUR,Italy,3.85,1,3.85
"2014-01-01",JPY,Japan,310.0,104,2.98
"2014-01-01",EUR,Lithuania,8.8,2,4.4
"2014-01-01",MYR,Malaysia,7.4,3,2.47
"2014-01-01",MXN,Mexico,37.0,13,2.85
"2014-01-01",EUR,Netherlands,3.45,1,3.45
"2014-01-01",NZD,New Zealand,5.5,1,5.5
"2014-01-01",NOK,Norway,48.0,6,8.0
"2014-01-01",PKR,Pakistan,320.0,105,3.05
"2014-01-01",PEN,Peru,10.0,2,5.0
"2014-01-01",PHP,Philippines,135.0,45,3.0
"2014-01-01",PLN,Poland,9.2,3,3.07
"2014-01-01",EUR,Portugal,3.0,1,3.0
"2014-01-01",RUB,Russia,89.0,33,2.7
"2014-01-01",SAR,Saudi Arabia,11.0,3,3.67
"2014-01-01",SGD,Singapore,4.6,1,4.6
"2014-01-01",ZAR,South Africa,23.5,10,2.35
"2014-01-01",KRW,South Korea,3700.0,1067,3.47
"2014-01-01",EUR,Spain,3.65,1,3.65
"2014-01-01",LKR,Sri Lanka,350.0,130,2.69
"2014-01-01",SEK,Sweden,40.7,6,6.78
"2014-01-01",CHF,Switzerland,6.5,1,6.5
"2014-01-01",TWD,Taiwan,79.0,30,2.63
"2014-01-01",THB,Thailand,96.0,32,3.0
"2014-01-01",TRY,Turkey,8.5,2,4.25
"2014-01-01",AED,UAE,12.0,3,4.0
"2014-01-01",UAH,Ukraine,19.0,8,2.38
"2014-01-01",USD,United States,4.24,1,4.24
"2014-01-01",UYU,Uruguay,105.0,21,5.0
"2014-01-01",VEF,Venezuela,45.0,6,7.5
"2014-07-01",ARS,Argentina,21.0,8,2.62
"2014-07-01",AUD,Australia,5.1,1,5.1
"2014-07-01",EUR,Austria,3.39,1,3.39
"2014-07-01",EUR,Belgium,3.7,1,3.7
"2014-07-01",BRL,Brazil,13.0,2,6.5
"2014-07-01",GBP,Britain,2.89,1,2.89
"2014-07-01",CAD,Canada,5.64,1,5.64
"2014-07-01",CLP,Chile,2100.0,564,3.72
"2014-07-01",CNY,China,16.9,6,2.82
"2014-07-01",COP,Colombia,8600.0,1847,4.66
"2014-07-01",CRC,Costa Rica,2150.0,537,4.0
"2014-07-01",CZK,Czech Republic,70.45,20,3.52
"2014-07-01",DKK,Denmark,28.5,5,5.7
"2014-07-01",EGP,Egypt,16.93,7,2.42
"2014-07-01",EUR,Estonia,2.9,1,2.9
"2014-07-01",EUR,Euro area,3.67923829,1,3.68
"2014-07-01",EUR,Finland,4.1,1,4.1
"2014-07-01",EUR,France,3.9,1,3.9
"2014-07-01",EUR,Germany,3.67,1,3.67
"2014-07-01",EUR,Greece,3.05,1,3.05
"2014-07-01",HKD,Hong Kong,18.8,7,2.69
"2014-07-01",HUF,Hungary,860.0,228,3.77
"2014-07-01",INR,India,105.0,60,1.75
"2014-07-01",IDR,Indonesia,27939.0,11505,2.43
"2014-07-01",EUR,Ireland,3.49,1,3.49
"2014-07-01",ILS,Israel,17.5,3,5.83
"2014-07-01",EUR,Italy,3.85,1,3.85
"2014-07-01",JPY,Japan,370.0,101,3.66
"2014-07-01",EUR,Lithuania,8.95,2,4.47
"2014-07-01",MYR,Malaysia,7.63,3,2.54
"2014-07-01",MXN,Mexico,42.0,12,3.5
"2014-07-01",EUR,Netherlands,3.45,1,3.45
"2014-07-01",NZD,New Zealand,5.7,1,5.7
"2014-07-01",NOK,Norway,48.0,6,8.0
"2014-07-01",PKR,Pakistan,300.0,98,3.06
"2014-07-01",PEN,Peru,10.0,2,5.0
"2014-07-01",PHP,Philippines,160.0,43,3.72
"2014-07-01",PLN,Poland,9.2,3,3.07
"2014-07-01",EUR,Portugal,3.0,1,3.0
"2014-07-01",RUB,Russia,89.0,34,2.62
"2014-07-01",SAR,Saudi Arabia,11.0,3,3.67
"2014-07-01",SGD,Singapore,4.7,1,4.7
"2014-07-01",ZAR,South Africa,24.5,10,2.45
"2014-07-01",KRW,South Korea,4100.0,1023,4.01
"2014-07-01",EUR,Spain,3.65,1,3.65
"2014-07-01",LKR,Sri Lanka,350.0,130,2.69
"2014-07-01",SEK,Sweden,40.7,6,6.78
"2014-07-01",CHF,Switzerland,6.16,1,6.16
"2014-07-01",TWD,Taiwan,79.0,29,2.72
"2014-07-01",THB,Thailand,99.0,31,3.19
"2014-07-01",TRY,Turkey,9.25,2,4.62
"2014-07-01",AED,UAE,13.0,3,4.33
"2014-07-01",UAH,Ukraine,19.0,11,1.73
"2014-07-01",USD,United States,4.29,1,4.29
"2014-07-01",UYU,Uruguay,113.0,22,5.14
"2014-07-01",VEF,Venezuela,75.0,11,6.82
"2014-07-01",VND,Vietnam,60000.0,21230,2.83
"2015-01-01",ARS,Argentina,28.0,8,3.5
"2015-01-01",AUD,Australia,5.3,1,5.3
"2015-01-01",EUR,Austria,3.39,1,3.39
"2015-01-01",EUR,Belgium,3.7,1,3.7
"2015-01-01",BRL,Brazil,13.5,2,6.75
"2015-01-01",GBP,Britain,2.89,1,2.89
"2015-01-01",CAD,Canada,5.7,1,5.7
"2015-01-01",CLP,Chile,2100.0,627,3.35
"2015-01-01",CNY,China,17.2,6,2.87
"2015-01-01",COP,Colombia,7900.0,2364,3.34
"2015-01-01",CRC,Costa Rica,2150.0,536,4.01
"2015-01-01",CZK,Czech Republic,70.45,24,2.94
"2015-01-01",DKK,Denmark,34.5,6,5.75
"2015-01-01",EGP,Egypt,16.93,7,2.42
"2015-01-01",EUR,Estonia,2.9,1,2.9
"2015-01-01",EUR,Euro area,3.68,1,3.68
"2015-01-01",EUR,Finland,4.1,1,4.1
"2015-01-01",EUR,France,3.9,1,3.9
"2015-01-01",EUR,Germany,3.67,1,3.67
"2015-01-01",EUR,Greece,3.05,1,3.05
"2015-01-01",HKD,Hong Kong,18.8,7,2.69
"2015-01-01",HUF,Hungary,860.0,271,3.17
"2015-01-01",INR,India,116.25,61,1.91
"2015-01-01",IDR,Indonesia,27939.0,12480,2.24
"2015-01-01",EUR,Ireland,3.49,1,3.49
"2015-01-01",ILS,Israel,17.5,3,5.83
"2015-01-01",EUR,Italy,3.85,1,3.85
"2015-01-01",JPY,Japan,370.0,117,3.16
"2015-01-01",MYR,Malaysia,7.63,3,2.54
"2015-01-01",MXN,Mexico,49.0,14,3.5
"2015-01-01",EUR,Netherlands,3.45,1,3.45
"2015-01-01",NZD,New Zealand,5.9,1,5.9
"2015-01-01",NOK,Norway,48.0,7,6.86
"2015-01-01",PKR,Pakistan,300.0,100,3.0
"2015-01-01",PEN,Peru,10.0,3,3.33
"2015-01-01",PHP,Philippines,163.0,44,3.7
"2015-01-01",PLN,Poland,9.2,3,3.07
"2015-01-01",EUR,Portugal,3.0,1,3.0
"2015-01-01",RUB,Russia,89.0,65,1.37
"2015-01-01",SAR,Saudi Arabia,11.0,3,3.67
"2015-01-01",SGD,Singapore,4.7,1,4.7
"2015-01-01",ZAR,South Africa,25.5,11,2.32
"2015-01-01",KRW,South Korea,4100.0,1083,3.79
"2015-01-01",EUR,Spain,3.65,1,3.65
"2015-01-01",LKR,Sri Lanka,350.0,131,2.67
"2015-01-01",SEK,Sweden,40.7,8,5.09
"2015-01-01",CHF,Switzerland,6.5,1,6.5
"2015-01-01",TWD,Taiwan,79.0,31,2.55
"2015-01-01",THB,Thailand,99.0,32,3.09
"2015-01-01",TRY,Turkey,9.25,2,4.62
"2015-01-01",AED,UAE,13.0,3,4.33
"2015-01-01",UAH,Ukraine,19.0,15,1.27
"2015-01-01",USD,United States,4.29,1,4.29
"2015-01-01",UYU,Uruguay,113.0,24,4.71
"2015-01-01",VEF,Venezuela,132.0,52,2.54
"2015-01-01",VND,Vietnam,60000.0,21380,2.81
"2015-07-01",ARS,Argentina,28.0,9,3.11
"2015-07-01",AUD,Australia,5.3,1,5.3
"2015-07-01",EUR,Austria,3.39,1,3.39
"2015-07-01",EUR,Belgium,3.7,1,3.7
"2015-07-01",BRL,Brazil,13.5,3,4.5
"2015-07-01",GBP,Britain,2.89,1,2.89
"2015-07-01",CAD,Canada,5.85,1,5.85
"2015-07-01",CLP,Chile,2100.0,642,3.27
"2015-07-01",CNY,China,17.0,6,2.83
"2015-07-01",COP,Colombia,7900.0,2708,2.92
"2015-07-01",CRC,Costa Rica,2150.0,533,4.03
"2015-07-01",CZK,Czech Republic,70.0,24,2.92
"2015-07-01",DKK,Denmark,34.59,6,5.76
"2015-07-01",EGP,Egypt,16.93,7,2.42
"2015-07-01",EUR,Estonia,2.95,1,2.95
"2015-07-01",EUR,Euro area,3.7,1,3.7
"2015-07-01",EUR,Finland,4.1,1,4.1
"2015-07-01",EUR,France,4.1,1,4.1
"2015-07-01",EUR,Germany,3.59,1,3.59
"2015-07-01",EUR,Greece,3.05,1,3.05
"2015-07-01",HKD,Hong Kong,19.2,7,2.74
"2015-07-01",HUF,Hungary,900.0,282,3.19
"2015-07-01",INR,India,116.25,63,1.85
"2015-07-01",IDR,Indonesia,30500.0,13344,2.29
"2015-07-01",EUR,Ireland,3.7,1,3.7
"2015-07-01",ILS,Israel,17.5,3,5.83
"2015-07-01",EUR,Italy,4.0,1,4.0
"2015-07-01",JPY,Japan,370.0,123,3.01
"2015-07-01",MYR,Malaysia,7.65,3,2.55
"2015-07-01",MXN,Mexico,49.0,15,3.27
"2015-07-01",EUR,Netherlands,3.45,1,3.45
"2015-07-01",NZD,New Zealand,5.9,1,5.9
"2015-07-01",NOK,Norway,46.0,8,5.75
"2015-07-01",PKR,Pakistan,350.0,101,3.47
"2015-07-01",PEN,Peru,10.0,3,3.33
"2015-07-01",PHP,Philippines,163.0,45,3.62
"2015-07-01",PLN,Poland,9.6,3,3.2
"2015-07-01",EUR,Portugal,3.0,1,3.0
"2015-07-01",RUB,Russia,107.0,56,1.91
"2015-07-01",SAR,Saudi Arabia,12.0,3,4.0
"2015-07-01",SGD,Singapore,4.7,1,4.7
"2015-07-01",ZAR,South Africa,26.0,12,2.17
"2015-07-01",KRW,South Korea,4300.0,1143,3.76
"2015-07-01",EUR,Spain,3.65,1,3.65
"2015-07-01",LKR,Sri Lanka,350.0,133,2.63
"2015-07-01",SEK,Sweden,43.7,8,5.46
"2015-07-01",CHF,Switzerland,6.5,1,6.5
"2015-07-01",TWD,Taiwan,79.0,31,2.55
"2015-07-01",THB,Thailand,108.0,34,3.18
"2015-07-01",TRY,Turkey,10.25,2,5.12
"2015-07-01",AED,UAE,13.0,3,4.33
"2015-07-01",UAH,Ukraine,34.0,21,1.62
"2015-07-01",USD,United States,4.29,1,4.29
"2015-07-01",UYU,Uruguay,113.0,27,4.19
"2015-07-01",VEF,Venezuela,132.0,197,0.67
"2015-07-01",VND,Vietnam,60000.0,21810,2.75
"2016-01-01",ARS,Argentina,33.0,13,2.54
"2016-01-01",AUD,Australia,5.3,1,5.3
"2016-01-01",EUR,Austria,3.5,1,3.5
"2016-01-01",EUR,Belgium,3.95,1,3.95
"2016-01-01",BRL,Brazil,13.5,4,3.38
"2016-01-01",GBP,Britain,2.89,1,2.89
"2016-01-01",CAD,Canada,5.84,1,5.84
"2016-01-01",CLP,Chile,2100.0,715,2.94
"2016-01-01",CNY,China,17.6,6,2.93
"2016-01-01",COP,Colombia,7900.0,3253,2.43
"2016-01-01",CRC,Costa Rica,2150.0,535,4.02
"2016-01-01",CZK,Czech Republic,75.0,25,3.0
"2016-01-01",DKK,Denmark,30.0,6,5.0
"2016-01-01",EGP,Egypt,16.93,7,2.42
"2016-01-01",EUR,Estonia,3.0,1,3.0
"2016-01-01",EUR,Euro area,3.72,1,3.72
"2016-01-01",EUR,Finland,4.1,1,4.1
"2016-01-01",EUR,France,4.1,1,4.1
"2016-01-01",EUR,Germany,3.59,1,3.59
"2016-01-01",EUR,Greece,3.35,1,3.35
"2016-01-01",HKD,Hong Kong,19.2,7,2.74
"2016-01-01",HUF,Hungary,900.0,292,3.08
"2016-01-01",INR,India,127.0,66,1.92
"2016-01-01",IDR,Indonesia,30500.0,13947,2.19
"2016-01-01",EUR,Ireland,3.95,1,3.95
"2016-01-01",ILS,Israel,16.9,3,5.63
"2016-01-01",EUR,Italy,4.0,1,4.0
"2016-01-01",JPY,Japan,370.0,118,3.14
"2016-01-01",MYR,Malaysia,8.0,4,2.0
"2016-01-01",MXN,Mexico,49.0,17,2.88
"2016-01-01",EUR,Netherlands,3.45,1,3.45
"2016-01-01",NZD,New Zealand,5.9,1,5.9
"2016-01-01",NOK,Norway,46.8,8,5.85
"2016-01-01",PKR,Pakistan,300.0,104,2.88
"2016-01-01",PEN,Peru,10.0,3,3.33
"2016-01-01",PHP,Philippines,131.0,47,2.79
"2016-01-01",PLN,Poland,9.6,4,2.4
"2016-01-01",EUR,Portugal,3.0,1,3.0
"2016-01-01",RUB,Russia,114.0,74,1.54
"2016-01-01",SAR,Saudi Arabia,12.0,3,4.0
"2016-01-01",SGD,Singapore,4.7,1,4.7
"2016-01-01",ZAR,South Africa,28.0,15,1.87
"2016-01-01",KRW,South Korea,4300.0,1197,3.59
"2016-01-01",EUR,Spain,3.5,1,3.5
"2016-01-01",LKR,Sri Lanka,350.0,144,2.43
"2016-01-01",SEK,Sweden,45.0,8,5.62
"2016-01-01",CHF,Switzerland,6.5,1,6.5
"2016-01-01",TWD,Taiwan,69.0,33,2.09
"2016-01-01",THB,Thailand,112.0,36,3.11
"2016-01-01",TRY,Turkey,10.25,3,3.42
"2016-01-01",AED,UAE,13.0,3,4.33
"2016-01-01",UAH,Ukraine,36.0,23,1.57
"2016-01-01",USD,United States,4.29,1,4.29
"2016-01-01",UYU,Uruguay,113.0,30,3.77
"2016-01-01",VEF,Venezuela,132.0,198,0.67
"2016-01-01",VND,Vietnam,60000.0,22467,2.67
"2016-07-01",ARS,Argentina,50.0,14,3.57
"2016-07-01",AUD,Australia,5.75,1,5.75
"2016-07-01",EUR,Austria,3.6,1,3.6
"2016-07-01",EUR,Belgium,3.95,1,3.95
"2016-07-01",BRL,Brazil,15.5,3,5.17
"2016-07-01",GBP,Britain,2.99,1,2.99
"2016-07-01",CAD,Canada,6.0,1,6.0
"2016-07-01",CLP,Chile,2300.0,651,3.53
"2016-07-01",CNY,China,18.6,6,3.1
"2016-07-01",COP,Colombia,8900.0,2929,3.04
"2016-07-01",CRC,Costa Rica,2250.0,546,4.12
"2016-07-01",CZK,Czech Republic,75.0,24,3.12
"2016-07-01",DKK,Denmark,30.0,6,5.0
"2016-07-01",EGP,Egypt,23.0,8,2.88
"2016-07-01",EUR,Estonia,3.1,1,3.1
"2016-07-01",EUR,Euro area,3.82,1,3.82
"2016-07-01",EUR,Finland,4.6,1,4.6
"2016-07-01",EUR,France,4.1,1,4.1
"2016-07-01",EUR,Germany,3.79,1,3.79
"2016-07-01",EUR,Greece,3.35,1,3.35
"2016-07-01",HKD,Hong Kong,19.2,7,2.74
"2016-07-01",HUF,Hungary,900.0,285,3.16
"2016-07-01",INR,India,162.0,67,2.42
"2016-07-01",IDR,Indonesia,31000.0,13112,2.36
"2016-07-01",EUR,Ireland,4.0,1,4.0
"2016-07-01",ILS,Israel,16.9,3,5.63
"2016-07-01",EUR,Italy,4.2,1,4.2
"2016-07-01",JPY,Japan,370.0,106,3.49
"2016-07-01",MYR,Malaysia,8.0,4,2.0
"2016-07-01",MXN,Mexico,44.0,18,2.44
"2016-07-01",EUR,Netherlands,3.45,1,3.45
"2016-07-01",NZD,New Zealand,6.0,1,6.0
"2016-07-01",NOK,Norway,46.8,8,5.85
"2016-07-01",PKR,Pakistan,375.0,104,3.61
"2016-07-01",PEN,Peru,10.0,3,3.33
"2016-07-01",PHP,Philippines,133.0,47,2.83
"2016-07-01",PLN,Poland,9.6,3,3.2
"2016-07-01",EUR,Portugal,3.05,1,3.05
"2016-07-01",RUB,Russia,130.0,63,2.06
"2016-07-01",SAR,Saudi Arabia,12.0,3,4.0
"2016-07-01",SGD,Singapore,5.45,1,5.45
"2016-07-01",ZAR,South Africa,30.0,14,2.14
"2016-07-01",KRW,South Korea,4400.0,1140,3.86
"2016-07-01",EUR,Spain,3.5,1,3.5
"2016-07-01",LKR,Sri Lanka,530.0,146,3.63
"2016-07-01",SEK,Sweden,44.94,8,5.62
"2016-07-01",CHF,Switzerland,6.5,1,6.5
"2016-07-01",TWD,Taiwan,69.0,32,2.16
"2016-07-01",THB,Thailand,119.0,34,3.5
"2016-07-01",TRY,Turkey,10.75,3,3.58
"2016-07-01",AED,UAE,13.0,3,4.33
"2016-07-01",UAH,Ukraine,39.0,24,1.62
"2016-07-01",USD,United States,4.5,1,4.5
"2016-07-01",UYU,Uruguay,123.0,30,4.1
"2016-07-01",VEF,Venezuela,2170.0,641,3.39
"2016-07-01",VND,Vietnam,60000.0,22300,2.69
"2017-01-01",ARS,Argentina,55.0,15,3.67
"2017-01-01",AUD,Australia,5.8,1,5.8
"2017-01-01",EUR,Austria,3.4,1,3.4
"2017-01-01",EUR,Belgium,3.95,1,3.95
"2017-01-01",BRL,Brazil,16.5,3,5.5
"2017-01-01",GBP,Britain,3.09,1,3.09
"2017-01-01",CAD,Canada,5.98,1,5.98
"2017-01-01",CLP,Chile,2450.0,672,3.65
"2017-01-01",CNY,China,19.6,6,3.27
"2017-01-01",COP,Colombia,9900.0,2994,3.31
"2017-01-01",CRC,Costa Rica,2250.0,554,4.06
"2017-01-01",CZK,Czech Republic,75.0,25,3.0
"2017-01-01",DKK,Denmark,30.0,7,4.29
"2017-01-01",EGP,Egypt,27.49,18,1.53
"2017-01-01",EUR,Estonia,3.1,1,3.1
"2017-01-01",EUR,Euro area,3.88,1,3.88
"2017-01-01",EUR,Finland,4.55,1,4.55
"2017-01-01",EUR,France,4.1,1,4.1
"2017-01-01",EUR,Germany,3.79,1,3.79
"2017-01-01",EUR,Greece,3.35,1,3.35
"2017-01-01",HKD,Hong Kong,19.2,7,2.74
"2017-01-01",HUF,Hungary,900.0,294,3.06
"2017-01-01",INR,India,170.0,68,2.5
"2017-01-01",IDR,Indonesia,31000.0,13329,2.33
"2017-01-01",EUR,Ireland,4.0,1,4.0
"2017-01-01",ILS,Israel,16.9,3,5.63
"2017-01-01",EUR,Italy,4.2,1,4.2
"2017-01-01",JPY,Japan,380.0,116,3.28
"2017-01-01",MYR,Malaysia,8.0,4,2.0
"2017-01-01",MXN,Mexico,49.0,21,2.33
"2017-01-01",EUR,Netherlands,3.61,1,3.61
"2017-01-01",NZD,New Zealand,6.0,1,6.0
"2017-01-01",NOK,Norway,49.0,8,6.12
"2017-01-01",PKR,Pakistan,375.0,104,3.61
"2017-01-01",PEN,Peru,11.0,3,3.67
"2017-01-01",PHP,Philippines,133.0,49,2.71
"2017-01-01",PLN,Poland,9.6,4,2.4
"2017-01-01",EUR,Portugal,3.05,1,3.05
"2017-01-01",RUB,Russia,130.0,60,2.17
"2017-01-01",SAR,Saudi Arabia,12.0,3,4.0
"2017-01-01",SGD,Singapore,5.6,1,5.6
"2017-01-01",ZAR,South Africa,26.32,13,2.02
"2017-01-01",KRW,South Korea,4400.0,1196,3.68
"2017-01-01",EUR,Spain,3.95,1,3.95
"2017-01-01",LKR,Sri Lanka,550.0,150,3.67
"2017-01-01",SEK,Sweden,48.0,9,5.33
"2017-01-01",CHF,Switzerland,6.5,1,6.5
"2017-01-01",TWD,Taiwan,69.0,31,2.23
"2017-01-01",THB,Thailand,119.0,35,3.4
"2017-01-01",TRY,Turkey,10.75,3,3.58
"2017-01-01",AED,UAE,13.0,3,4.33
"2017-01-01",UAH,Ukraine,42.0,27,1.56
"2017-01-01",USD,United States,4.5,1,4.5
"2017-01-01",UYU,Uruguay,125.0,28,4.46
"2017-01-01",VEF,Venezuela,3550.0,676,5.25
"2017-01-01",VND,Vietnam,60000.0,22572,2.66
"2017-07-01",ARS,Argentina,70.0,16,4.38
"2017-07-01",AUD,Australia,5.9,1,5.9
"2017-07-01",EUR,Austria,3.4,1,3.4
"2017-07-01",EUR,Belgium,4.05,1,4.05
"2017-07-01",BRL,Brazil,16.5,3,5.5
"2017-07-01",GBP,Britain,3.19,1,3.19
"2017-07-01",CAD,Canada,5.97,1,5.97
"2017-07-01",CLP,Chile,2550.0,663,3.85
"2017-07-01",CNY,China,19.8,6,3.3
"2017-07-01",COP,Colombia,9900.0,3052,3.24
"2017-07-01",CRC,Costa Rica,2290.0,572,4.0
"2017-07-01",CZK,Czech Republic,75.0,22,3.41
"2017-07-01",DKK,Denmark,30.0,6,5.0
"2017-07-01",EGP,Egypt,31.37,17,1.85
"2017-07-01",EUR,Estonia,3.15,1,3.15
"2017-07-01",EUR,Euro area,3.91,1,3.91
"2017-07-01",EUR,Finland,4.56,1,4.56
"2017-07-01",EUR,France,4.1,1,4.1
"2017-07-01",EUR,Germany,3.9,1,3.9
"2017-07-01",EUR,Greece,3.35,1,3.35
"2017-07-01",HKD,Hong Kong,19.2,7,2.74
"2017-07-01",HUF,Hungary,862.0,268,3.22
"2017-07-01",INR,India,178.0,64,2.78
"2017-07-01",IDR,Indonesia,32126.0,13369,2.4
"2017-07-01",EUR,Ireland,4.07,1,4.07
"2017-07-01",ILS,Israel,16.9,3,5.63
"2017-07-01",EUR,Italy,4.2,1,4.2
"2017-07-01",JPY,Japan,380.0,113,3.36
"2017-07-01",MYR,Malaysia,8.6,4,2.15
"2017-07-01",MXN,Mexico,49.0,17,2.88
"2017-07-01",EUR,Netherlands,3.61,1,3.61
"2017-07-01",NZD,New Zealand,6.1,1,6.1
"2017-07-01",NOK,Norway,49.0,8,6.12
"2017-07-01",PKR,Pakistan,375.0,105,3.57
"2017-07-01",PEN,Peru,10.5,3,3.5
"2017-07-01",PHP,Philippines,134.0,50,2.68
"2017-07-01",PLN,Poland,10.1,3,3.37
"2017-07-01",EUR,Portugal,3.25,1,3.25
"2017-07-01",RUB,Russia,137.0,60,2.28
"2017-07-01",SAR,Saudi Arabia,12.0,3,4.0
"2017-07-01",SGD,Singapore,5.6,1,5.6
"2017-07-01",ZAR,South Africa,30.0,13,2.31
"2017-07-01",KRW,South Korea,4400.0,1144,3.85
"2017-07-01",EUR,Spain,3.8,1,3.8
"2017-07-01",LKR,Sri Lanka,580.0,153,3.79
"2017-07-01",SEK,Sweden,48.97,8,6.12
"2017-07-01",CHF,Switzerland,6.5,1,6.5
"2017-07-01",TWD,Taiwan,69.0,30,2.3
"2017-07-01",THB,Thailand,119.0,34,3.5
"2017-07-01",TRY,Turkey,10.75,3,3.58
"2017-07-01",AED,UAE,14.0,3,4.67
"2017-07-01",UAH,Ukraine,44.0,25,1.76
"2017-07-01",USD,United States,4.5,1,4.5
"2017-07-01",UYU,Uruguay,130.0,28,4.64
"2017-07-01",VEF,Venezuela,10950.0,2700,4.06
"2017-07-01",VND,Vietnam,60000.0,22732,2.64
"2018-01-01",ARS,Argentina,75.0,18,4.17
"2018-01-01",AUD,Australia,5.9,1,5.9
"2018-01-01",EUR,Austria,3.4,1,3.4
"2018-01-01",EUR,Belgium,4.1,1,4.1
"2018-01-01",BRL,Brazil,16.5,3,5.5
"2018-01-01",GBP,Britain,3.19,1,3.19
"2018-01-01",CAD,Canada,6.55,1,6.55
"2018-01-01",CLP,Chile,2600.0,605,4.3
"2018-01-01",CNY,China,20.4,6,3.4
"2018-01-01",COP,Colombia,10900.0,2844,3.83
"2018-01-01",CRC,Costa Rica,2290.0,568,4.03
"2018-01-01",CZK,Czech Republic,79.0,20,3.95
"2018-01-01",DKK,Denmark,30.0,6,5.0
"2018-01-01",EGP,Egypt,34.21,17,2.01
"2018-01-01",EUR,Estonia,3.15,1,3.15
"2018-01-01",EUR,Euro area,3.95,1,3.95
"2018-01-01",EUR,Finland,4.56,1,4.56
"2018-01-01",EUR,France,4.2,1,4.2
"2018-01-01",EUR,Germany,3.9,1,3.9
"2018-01-01",EUR,Greece,3.35,1,3.35
"2018-01-01",HKD,Hong Kong,20.5,7,2.93
"2018-01-01",HUF,Hungary,864.0,252,3.43
"2018-01-01",INR,India,180.0,63,2.86
"2018-01-01",IDR,Indonesia,35750.0,13359,2.68
"2018-01-01",EUR,Ireland,4.07,1,4.07
"2018-01-01",ILS,Israel,16.5,3,5.5
"2018-01-01",EUR,Italy,4.2,1,4.2
"2018-01-01",JPY,Japan,380.0,110,3.45
"2018-01-01",MYR,Malaysia,9.0,3,3.0
"2018-01-01",MXN,Mexico,48.0,18,2.67
"2018-01-01",EUR,Netherlands,3.71,1,3.71
"2018-01-01",NZD,New Zealand,6.2,1,6.2
"2018-01-01",NOK,Norway,49.0,7,7.0
"2018-01-01",PKR,Pakistan,375.0,110,3.41
"2018-01-01",PEN,Peru,10.5,3,3.5
"2018-01-01",PHP,Philippines,134.0,50,2.68
"2018-01-01",PLN,Poland,10.1,3,3.37
"2018-01-01",EUR,Portugal,3.2,1,3.2
"2018-01-01",RUB,Russia,130.0,56,2.32
"2018-01-01",SAR,Saudi Arabia,12.0,3,4.0
"2018-01-01",SGD,Singapore,5.8,1,5.8
"2018-01-01",ZAR,South Africa,30.0,12,2.5
"2018-01-01",KRW,South Korea,4400.0,1069,4.12
"2018-01-01",EUR,Spain,3.95,1,3.95
"2018-01-01",LKR,Sri Lanka,580.0,153,3.79
"2018-01-01",SEK,Sweden,49.1,8,6.14
"2018-01-01",CHF,Switzerland,6.5,1,6.5
"2018-01-01",TWD,Taiwan,69.0,29,2.38
"2018-01-01",THB,Thailand,119.0,31,3.84
"2018-01-01",TRY,Turkey,10.75,3,3.58
"2018-01-01",AED,UAE,14.0,3,4.67
"2018-01-01",UAH,Ukraine,47.0,28,1.68
"2018-01-01",USD,United States,4.61,1,4.61
"2018-01-01",UYU,Uruguay,140.0,28,5.0
"2018-01-01",VEF,Venezuela,0.0,1,0.0
"2018-01-01",VND,Vietnam,65000.0,22711,2.86
"2018-07-01",ARS,Argentina,75.0,27,2.78
"2018-07-01",AUD,Australia,6.05,1,6.05
"2018-07-01",EUR,Austria,3.4,1,3.4
"2018-07-01",AZN,Azerbaijan,3.95,1,3.95
"2018-07-01",BHD,Bahrain,1.2,1,1.2
"2018-07-01",EUR,Belgium,4.1,1,4.1
"2018-07-01",BRL,Brazil,16.9,3,5.63
"2018-07-01",GBP,Britain,3.19,1,3.19
"2018-07-01",CAD,Canada,6.65,1,6.65
"2018-07-01",CLP,Chile,2640.0,651,4.06
"2018-07-01",CNY,China,20.5,6,3.42
"2018-07-01",COP,Colombia,11900.0,2874,4.14
"2018-07-01",CRC,Costa Rica,2290.0,567,4.04
"2018-07-01",HRK,Croatia,21.0,6,3.5
"2018-07-01",CZK,Czech Republic,75.0,22,3.41
"2018-07-01",DKK,Denmark,30.0,6,5.0
"2018-07-01",EGP,Egypt,31.37,17,1.85
"2018-07-01",EUR,Estonia,3.15,1,3.15
"2018-07-01",EUR,Euro area,4.04,1,4.04
"2018-07-01",EUR,Finland,4.62,1,4.62
"2018-07-01",EUR,France,4.2,1,4.2
"2018-07-01",EUR,Germany,4.12,1,4.12
"2018-07-01",EUR,Greece,3.35,1,3.35
"2018-07-01",GTQ,Guatemala,25.0,7,3.57
"2018-07-01",HNL,Honduras,85.0,23,3.7
"2018-07-01",HKD,Hong Kong,20.0,7,2.86
"2018-07-01",HUF,Hungary,850.0,276,3.08
"2018-07-01",INR,India,173.0,68,2.54
"2018-07-01",IDR,Indonesia,31500.0,14360,2.19
"2018-07-01",EUR,Ireland,4.07,1,4.07
"2018-07-01",ILS,Israel,17.0,3,5.67
"2018-07-01",EUR,Italy,4.2,1,4.2
"2018-07-01",JPY,Japan,390.0,111,3.51
"2018-07-01",JOD,Jordan,1.95,1,1.95
"2018-07-01",KWD,Kuwait,1.05,1,1.05
"2018-07-01",EUR,Latvia,2.7,1,2.7
"2018-07-01",LBP,Lebanon,6500.0,1511,4.3
"2018-07-01",EUR,Lithuania,2.8,1,2.8
"2018-07-01",MYR,Malaysia,8.45,4,2.11
"2018-07-01",MXN,Mexico,49.0,19,2.58
"2018-07-01",MDL,Moldova,43.0,16,2.69
"2018-07-01",EUR,Netherlands,3.79,1,3.79
"2018-07-01",NZD,New Zealand,6.2,1,6.2
"2018-07-01",NIO,Nicaragua,103.0,31,3.32
"2018-07-01",NOK,Norway,42.0,8,5.25
"2018-07-01",OMR,Oman,1.05,1,1.05
"2018-07-01",PKR,Pakistan,375.0,121,3.1
"2018-07-01",PEN,Peru,10.5,3,3.5
"2018-07-01",PHP,Philippines,140.0,53,2.64
"2018-07-01",PLN,Poland,10.1,3,3.37
"2018-07-01",EUR,Portugal,3.25,1,3.25
"2018-07-01",QAR,Qatar,12.0,3,4.0
"2018-07-01",RON,Romania,9.2,3,3.07
"2018-07-01",RUB,Russia,130.0,62,2.1
"2018-07-01",SAR,Saudi Arabia,12.0,3,4.0
"2018-07-01",SGD,Singapore,5.8,1,5.8
"2018-07-01",EUR,Slovakia,3.0,1,3.0
"2018-07-01",EUR,Slovenia,2.3,1,2.3
"2018-07-01",ZAR,South Africa,31.0,13,2.38
"2018-07-01",KRW,South Korea,4500.0,1116,4.03
"2018-07-01",EUR,Spain,4.1,1,4.1
"2018-07-01",LKR,Sri Lanka,580.0,159,3.65
"2018-07-01",SEK,Sweden,51.0,8,6.38
"2018-07-01",CHF,Switzerland,6.5,1,6.5
"2018-07-01",TWD,Taiwan,69.0,30,2.3
"2018-07-01",THB,Thailand,119.0,33,3.61
"2018-07-01",TRY,Turkey,10.75,4,2.69
"2018-07-01",UAH,Ukraine,50.0,26,1.92
"2018-07-01",AED,United Arab Emirates,14.0,3,4.67
"2018-07-01",USD,United States,4.62,1,4.62
"2018-07-01",UYU,Uruguay,140.0,31,4.52
"2018-07-01",VND,Vietnam,65000.0,23039,2.82
"2019-01-01",ARS,Argentina,75.0,37,2.03
"2019-01-01",AUD,Australia,6.1,1,6.1
"2019-01-01",EUR,Austria,3.76,1,3.76
"2019-01-01",AZN,Azerbaijan,3.95,1,3.95
"2019-01-01",BHD,Bahrain,1.2,1,1.2
"2019-01-01",EUR,Belgium,4.2,1,4.2
"2019-01-01",BRL,Brazil,16.9,3,5.63
"2019-01-01",GBP,Britain,3.19,1,3.19
"2019-01-01",CAD,Canada,6.77,1,6.77
"2019-01-01",CLP,Chile,2640.0,678,3.89
"2019-01-01",CNY,China,20.9,6,3.48
"2019-01-01",COP,Colombia,11900.0,3191,3.73
"2019-01-01",CRC,Costa Rica,2290.0,606,3.78
"2019-01-01",HRK,Croatia,21.0,6,3.5
"2019-01-01",CZK,Czech Republic,85.0,22,3.86
"2019-01-01",DKK,Denmark,30.0,6,5.0
"2019-01-01",EGP,Egypt,40.0,17,2.35
"2019-01-01",EUR,Estonia,3.2,1,3.2
"2019-01-01",EUR,Euro area,4.05,1,4.05
"2019-01-01",EUR,Finland,4.62,1,4.62
"2019-01-01",EUR,France,4.2,1,4.2
"2019-01-01",EUR,Germany,4.12,1,4.12
"2019-01-01",EUR,Greece,3.35,1,3.35
"2019-01-01",GTQ,Guatemala,25.0,7,3.57
"2019-01-01",HNL,Honduras,85.0,24,3.54
"2019-01-01",HKD,Hong Kong,20.0,7,2.86
"2019-01-01",HUF,Hungary,850.0,280,3.04
"2019-01-01",INR,India,178.0,69,2.58
"2019-01-01",IDR,Indonesia,33000.0,14090,2.34
"2019-01-01",EUR,Ireland,4.07,1,4.07
"2019-01-01",ILS,Israel,17.0,3,5.67
"2019-01-01",EUR,Italy,4.2,1,4.2
"2019-01-01",JPY,Japan,390.0,108,3.61
"2019-01-01",JOD,Jordan,1.95,1,1.95
"2019-01-01",KWD,Kuwait,1.05,1,1.05
"2019-01-01",EUR,Latvia,2.8,1,2.8
"2019-01-01",LBP,Lebanon,6500.0,1507,4.31
"2019-01-01",EUR,Lithuania,2.85,1,2.85
"2019-01-01",MYR,Malaysia,9.05,4,2.26
"2019-01-01",MXN,Mexico,49.0,19,2.58
"2019-01-01",MDL,Moldova,40.0,17,2.35
"2019-01-01",EUR,Netherlands,4.0,1,4.0
"2019-01-01",NZD,New Zealand,6.2,1,6.2
"2019-01-01",NIO,Nicaragua,103.0,32,3.22
"2019-01-01",NOK,Norway,50.0,8,6.25
"2019-01-01",OMR,Oman,1.05,1,1.05
"2019-01-01",PKR,Pakistan,460.0,138,3.33
"2019-01-01",PEN,Peru,10.5,3,3.5
"2019-01-01",PHP,Philippines,140.0,52,2.69
"2019-01-01",PLN,Poland,10.5,3,3.5
"2019-01-01",EUR,Portugal,3.25,1,3.25
"2019-01-01",QAR,Qatar,12.0,3,4.0
"2019-01-01",RON,Romania,9.3,4,2.33
"2019-01-01",RUB,Russia,110.17,66,1.67
"2019-01-01",SAR,Saudi Arabia,12.0,3,4.0
"2019-01-01",SGD,Singapore,5.8,1,5.8
"2019-01-01",EUR,Slovakia,3.2,1,3.2
"2019-01-01",EUR,Slovenia,2.3,1,2.3
"2019-01-01",ZAR,South Africa,31.0,13,2.38
"2019-01-01",KRW,South Korea,4500.0,1118,4.03
"2019-01-01",EUR,Spain,3.95,1,3.95
"2019-01-01",LKR,Sri Lanka,580.0,182,3.19
"2019-01-01",SEK,Sweden,52.0,8,6.5
"2019-01-01",CHF,Switzerland,6.5,1,6.5
"2019-01-01",TWD,Taiwan,69.0,30,2.3
"2019-01-01",THB,Thailand,119.0,32,3.72
"2019-01-01",TRY,Turkey,10.75,5,2.15
"2019-01-01",UAH,Ukraine,54.0,27,2.0
"2019-01-01",AED,United Arab Emirates,14.0,3,4.67
"2019-01-01",USD,United States,4.71,1,4.71
"2019-01-01",UYU,Uruguay,140.0,32,4.38
"2019-01-01",VND,Vietnam,65000.0,23199,2.8
"2019-07-09",ARS,Argentina,120.0,41,2.93
"2019-07-09",AUD,Australia,6.15,1,6.15
"2019-07-09",EUR,Austria,3.81,1,3.81
"2019-07-09",AZN,Azerbaijan,3.95,1,3.95
"2019-07-09",BHD,Bahrain,1.4,1,1.4
"2019-07-09",EUR,Belgium,4.2,1,4.2
"2019-07-09",BRL,Brazil,17.5,3,5.83
"2019-07-09",GBP,Britain,3.29,1,3.29
"2019-07-09",CAD,Canada,6.77,1,6.77
"2019-07-09",CLP,Chile,2640.0,689,3.83
"2019-07-09",CNY,China,21.0,6,3.5
"2019-07-09",COP,Colombia,11900.0,3227,3.69
"2019-07-09",CRC,Costa Rica,2290.0,581,3.94
"2019-07-09",HRK,Croatia,22.0,6,3.67
"2019-07-09",CZK,Czech Republic,85.0,22,3.86
"2019-07-09",DKK,Denmark,30.0,6,5.0
"2019-07-09",EGP,Egypt,42.0,16,2.62
"2019-07-09",EUR,Estonia,3.2,1,3.2
"2019-07-09",EUR,Euro area,4.08,1,4.08
"2019-07-09",EUR,Finland,4.75,1,4.75
"2019-07-09",EUR,France,4.2,1,4.2
"2019-07-09",EUR,Germany,4.14,1,4.14
"2019-07-09",EUR,Greece,3.3,1,3.3
"2019-07-09",GTQ,Guatemala,25.0,7,3.57
"2019-07-09",HNL,Honduras,86.0,24,3.58
"2019-07-09",HKD,Hong Kong,20.5,7,2.93
"2019-07-09",HUF,Hungary,900.0,290,3.1
"2019-07-09",INR,India,183.0,68,2.69
"2019-07-09",IDR,Indonesia,32000.0,14130,2.26
"2019-07-09",EUR,Ireland,4.3,1,4.3
"2019-07-09",ILS,Israel,17.0,3,5.67
"2019-07-09",EUR,Italy,4.3,1,4.3
"2019-07-09",JPY,Japan,390.0,108,3.61
"2019-07-09",JOD,Jordan,2.3,1,2.3
"2019-07-09",KWD,Kuwait,1.1,1,1.1
"2019-07-09",EUR,Latvia,2.85,1,2.85
"2019-07-09",LBP,Lebanon,6500.0,1507,4.31
"2019-07-09",EUR,Lithuania,2.85,1,2.85
"2019-07-09",MYR,Malaysia,8.85,4,2.21
"2019-07-09",MXN,Mexico,50.0,18,2.78
"2019-07-09",MDL,Moldova,43.0,17,2.53
"2019-07-09",EUR,Netherlands,4.06,1,4.06
"2019-07-09",NZD,New Zealand,6.4,1,6.4
"2019-07-09",NIO,Nicaragua,110.0,33,3.33
"2019-07-09",NOK,Norway,42.0,8,5.25
"2019-07-09",OMR,Oman,1.21,1,1.21
"2019-07-09",PKR,Pakistan,480.0,157,3.06
"2019-07-09",PEN,Peru,10.5,3,3.5
"2019-07-09",PHP,Philippines,142.0,51,2.78
"2019-07-09",PLN,Poland,10.8,3,3.6
"2019-07-09",EUR,Portugal,3.25,1,3.25
"2019-07-09",QAR,Qatar,13.0,3,4.33
"2019-07-09",RON,Romania,9.3,4,2.33
"2019-07-09",RUB,Russia,130.0,63,2.06
"2019-07-09",SAR,Saudi Arabia,13.0,3,4.33
"2019-07-09",SGD,Singapore,5.8,1,5.8
"2019-07-09",EUR,Slovakia,3.2,1,3.2
"2019-07-09",EUR,Slovenia,2.4,1,2.4
"2019-07-09",ZAR,South Africa,31.0,14,2.21
"2019-07-09",KRW,South Korea,4500.0,1180,3.81
"2019-07-09",EUR,Spain,3.95,1,3.95
"2019-07-09",LKR,Sri Lanka,640.0,175,3.66
"2019-07-09",SEK,Sweden,51.0,9,5.67
"2019-07-09",CHF,Switzerland,6.5,1,6.5
"2019-07-09",TWD,Taiwan,72.0,31,2.32
"2019-07-09",THB,Thailand,119.0,30,3.97
"2019-07-09",TRY,Turkey,13.99,5,2.8
"2019-07-09",UAH,Ukraine,57.0,25,2.28
"2019-07-09",AED,United Arab Emirates,14.75,3,4.92
"2019-07-09",USD,United States,4.71,1,4.71
"2019-07-09",UYU,Uruguay,164.0,35,4.69
"2019-07-09",VND,Vietnam,65000.0,23231,2.8
"2020-01-14",ARS,Argentina,171.0,60,2.85
"2020-01-14",AUD,Australia,6.45,1,6.45
"2020-01-14",EUR,Austria,3.84,1,3.84
"2020-01-14",AZN,Azerbaijan,3.95,1,3.95
"2020-01-14",BHD,Bahrain,1.4,1,1.4
"2020-01-14",EUR,Belgium,4.3,1,4.3
"2020-01-14",BRL,Brazil,19.9,4,4.97
"2020-01-14",GBP,Britain,3.39,1,3.39
"2020-01-14",CAD,Canada,6.77,1,6.77
"2020-01-14",CLP,Chile,2640.0,772,3.42
"2020-01-14",CNY,China,21.5,6,3.58
"2020-01-14",COP,Colombia,11900.0,3287,3.62
"2020-01-14",CRC,Costa Rica,2350.0,569,4.13
"2020-01-14",HRK,Croatia,22.0,6,3.67
"2020-01-14",CZK,Czech Republic,85.0,22,3.86
"2020-01-14",DKK,Denmark,30.0,6,5.0
"2020-01-14",EGP,Egypt,42.0,15,2.8
"2020-01-14",EUR,Estonia,3.2,1,3.2
"2020-01-14",EUR,Euro area,4.12,1,4.12
"2020-01-14",EUR,Finland,4.83,1,4.83
"2020-01-14",EUR,France,4.2,1,4.2
"2020-01-14",EUR,Germany,4.14,1,4.14
"2020-01-14",EUR,Greece,3.3,1,3.3
"2020-01-14",GTQ,Guatemala,25.0,7,3.57
"2020-01-14",HNL,Honduras,87.0,24,3.62
"2020-01-14",HKD,Hong Kong,20.5,7,2.93
"2020-01-14",HUF,Hungary,900.0,298,3.02
"2020-01-14",INR,India,188.0,70,2.69
"2020-01-14",IDR,Indonesia,33000.0,13670,2.41
"2020-01-14",EUR,Ireland,4.2,1,4.2
"2020-01-14",ILS,Israel,17.0,3,5.67
"2020-01-14",EUR,Italy,4.3,1,4.3
"2020-01-14",JPY,Japan,390.0,110,3.55
"2020-01-14",JOD,Jordan,2.3,1,2.3
"2020-01-14",KWD,Kuwait,1.1,1,1.1
"2020-01-14",EUR,Latvia,2.85,1,2.85
"2020-01-14",LBP,Lebanon,6500.0,1514,4.29
"2020-01-14",EUR,Lithuania,2.85,1,2.85
"2020-01-14",MYR,Malaysia,9.5,4,2.38
"2020-01-14",MXN,Mexico,50.0,18,2.78
"2020-01-14",MDL,Moldova,45.0,17,2.65
"2020-01-14",EUR,Netherlands,4.09,1,4.09
"2020-01-14",NZD,New Zealand,6.5,1,6.5
"2020-01-14",NIO,Nicaragua,120.0,33,3.64
"2020-01-14",NOK,Norway,53.0,8,6.62
"2020-01-14",OMR,Oman,1.155,1,1.16
"2020-01-14",PKR,Pakistan,520.0,154,3.38
"2020-01-14",PEN,Peru,11.9,3,3.97
"2020-01-14",PHP,Philippines,142.0,50,2.84
"2020-01-14",PLN,Poland,11.0,3,3.67
"2020-01-14",EUR,Portugal,3.25,1,3.25
"2020-01-14",QAR,Qatar,13.0,3,4.33
"2020-01-14",RON,Romania,9.5,4,2.38
"2020-01-14",RUB,Russia,135.0,61,2.21
"2020-01-14",SAR,Saudi Arabia,13.0,3,4.33
"2020-01-14",SGD,Singapore,5.9,1,5.9
"2020-01-14",EUR,Slovakia,3.4,1,3.4
"2020-01-14",EUR,Slovenia,2.4,1,2.4
"2020-01-14",ZAR,South Africa,31.0,14,2.21
"2020-01-14",KRW,South Korea,4500.0,1156,3.89
"2020-01-14",EUR,Spain,4.2,1,4.2
"2020-01-14",LKR,Sri Lanka,580.0,181,3.2
"2020-01-14",SEK,Sweden,51.5,9,5.72
"2020-01-14",CHF,Switzerland,6.5,1,6.5
"2020-01-14",TWD,Taiwan,72.0,29,2.48
"2020-01-14",THB,Thailand,115.0,30,3.83
"2020-01-14",TRY,Turkey,12.99,5,2.6
"2020-01-14",UAH,Ukraine,57.0,23,2.48
"2020-01-14",AED,United Arab Emirates,14.75,3,4.92
"2020-01-14",USD,United States,4.82,1,4.82
"2020-01-14",UYU,Uruguay,179.0,37,4.84
"2020-01-14",VND,Vietnam,66000.0,23176,2.85
"2020-07-01",ARS,Argentina,250.0,71,3.52
"2020-07-01",AUD,Australia,6.55,1,6.55
"2020-07-01",EUR,Austria,3.86,1,3.86
"2020-07-01",AZN,Azerbaijan,3.95,1,3.95
"2020-07-01",BHD,Bahrain,1.4,1,1.4
"2020-07-01",EUR,Belgium,4.35,1,4.35
"2020-07-01",BRL,Brazil,20.9,5,4.18
"2020-07-01",GBP,Britain,3.39,1,3.39
"2020-07-01",CAD,Canada,6.88,1,6.88
"2020-07-01",CLP,Chile,2740.0,787,3.48
"2020-07-01",CNY,China,21.7,7,3.1
"2020-07-01",COP,Colombia,11900.0,3617,3.29
"2020-07-01",CRC,Costa Rica,2350.0,581,4.04
"2020-07-01",HRK,Croatia,22.0,6,3.67
"2020-07-01",CZK,Czech Republic,89.0,23,3.87
"2020-07-01",DKK,Denmark,30.0,6,5.0
"2020-07-01",EGP,Egypt,42.0,15,2.8
"2020-07-01",EUR,Estonia,3.2,1,3.2
"2020-07-01",EUR,Euro area,4.21,1,4.21
"2020-07-01",EUR,Finland,4.88,1,4.88
"2020-07-01",EUR,France,4.2,1,4.2
"2020-07-01",EUR,Germany,4.45,1,4.45
"2020-07-01",EUR,Greece,3.3,1,3.3
"2020-07-01",GTQ,Guatemala,25.0,7,3.57
"2020-07-01",HNL,Honduras,87.0,24,3.62
"2020-07-01",HKD,Hong Kong,20.5,7,2.93
"2020-07-01",HUF,Hungary,900.0,311,2.89
"2020-07-01",INR,India,190.0,75,2.53
"2020-07-01",IDR,Indonesia,34000.0,14435,2.36
"2020-07-01",EUR,Ireland,4.3,1,4.3
"2020-07-01",ILS,Israel,17.0,3,5.67
"2020-07-01",EUR,Italy,4.3,1,4.3
"2020-07-01",JPY,Japan,390.0,107,3.64
"2020-07-01",JOD,Jordan,2.3,1,2.3
"2020-07-01",KWD,Kuwait,1.15,1,1.15
"2020-07-01",EUR,Latvia,2.85,1,2.85
"2020-07-01",LBP,Lebanon,9000.0,1512,5.95
"2020-07-01",EUR,Lithuania,2.85,1,2.85
"2020-07-01",MYR,Malaysia,9.99,4,2.5
"2020-07-01",MXN,Mexico,50.0,22,2.27
"2020-07-01",MDL,Moldova,47.0,17,2.76
"2020-07-01",EUR,Netherlands,4.09,1,4.09
"2020-07-01",NZD,New Zealand,6.6,1,6.6
"2020-07-01",NIO,Nicaragua,120.0,34,3.53
"2020-07-01",NOK,Norway,52.0,9,5.78
"2020-07-01",OMR,Oman,1.1,1,1.1
"2020-07-01",PKR,Pakistan,550.0,166,3.31
"2020-07-01",PEN,Peru,11.9,3,3.97
"2020-07-01",PHP,Philippines,142.0,49,2.9
"2020-07-01",PLN,Poland,11.0,3,3.67
"2020-07-01",EUR,Portugal,3.45,1,3.45
"2020-07-01",QAR,Qatar,13.0,3,4.33
"2020-07-01",RON,Romania,9.9,4,2.48
"2020-07-01",RUB,Russia,135.0,70,1.93
"2020-07-01",SAR,Saudi Arabia,14.0,3,4.67
"2020-07-01",SGD,Singapore,5.9,1,5.9
"2020-07-01",EUR,Slovakia,3.6,1,3.6
"2020-07-01",EUR,Slovenia,2.5,1,2.5
"2020-07-01",ZAR,South Africa,31.0,16,1.94
"2020-07-01",KRW,South Korea,4500.0,1200,3.75
"2020-07-01",EUR,Spain,4.1,1,4.1
"2020-07-01",LKR,Sri Lanka,680.0,185,3.68
"2020-07-01",SEK,Sweden,52.6,9,5.84
"2020-07-01",CHF,Switzerland,6.5,1,6.5
"2020-07-01",TWD,Taiwan,72.0,29,2.48
"2020-07-01",THB,Thailand,128.0,31,4.13
"2020-07-01",TRY,Turkey,13.99,6,2.33
"2020-07-01",UAH,Ukraine,59.0,27,2.19
"2020-07-01",AED,United Arab Emirates,14.75,3,4.92
"2020-07-01",USD,United States,4.82,1,4.82
"2020-07-01",UYU,Uruguay,189.0,43,4.4
"2020-07-01",VND,Vietnam,66000.0,23180,2.85
"2021-01-01",ARS,Argentina,320.0,85,3.76
"2021-01-01",AUD,Australia,6.48,1,6.48
"2021-01-01",EUR,Austria,3.88,1,3.88
"2021-01-01",AZN,Azerbaijan,3.95,1,3.95
"2021-01-01",BHD,Bahrain,1.5,1,1.5
"2021-01-01",EUR,Belgium,4.35,1,4.35
"2021-01-01",BRL,Brazil,21.9,5,4.38
"2021-01-01",GBP,Britain,3.29,1,3.29
"2021-01-01",CAD,Canada,6.77,1,6.77
"2021-01-01",CLP,Chile,2940.0,719,4.09
"2021-01-01",CNY,China,22.4,6,3.73
"2021-01-01",COP,Colombia,12950.0,3460,3.74
"2021-01-01",CRC,Costa Rica,2350.0,613,3.83
"2021-01-01",HRK,Croatia,23.0,6,3.83
"2021-01-01",CZK,Czech Republic,89.0,21,4.24
"2021-01-01",DKK,Denmark,30.0,6,5.0
"2021-01-01",EGP,Egypt,42.5,15,2.83
"2021-01-01",EUR,Estonia,3.2,1,3.2
"2021-01-01",EUR,Euro area,4.25,1,4.25
"2021-01-01",EUR,Finland,4.87,1,4.87
"2021-01-01",EUR,France,4.2,1,4.2
"2021-01-01",EUR,Germany,4.46,1,4.46
"2021-01-01",EUR,Greece,3.3,1,3.3
"2021-01-01",GTQ,Guatemala,25.0,7,3.57
"2021-01-01",HNL,Honduras,87.0,24,3.62
"2021-01-01",HKD,Hong Kong,20.5,7,2.93
"2021-01-01",HUF,Hungary,900.0,297,3.03
"2021-01-01",INR,India,190.0,73,2.6
"2021-01-01",IDR,Indonesia,34000.0,14125,2.41
"2021-01-01",EUR,Ireland,4.4,1,4.4
"2021-01-01",ILS,Israel,17.0,3,5.67
"2021-01-01",EUR,Italy,4.3,1,4.3
"2021-01-01",JPY,Japan,390.0,104,3.75
"2021-01-01",JOD,Jordan,2.3,1,2.3
"2021-01-01",KWD,Kuwait,1.15,1,1.15
"2021-01-01",EUR,Latvia,2.85,1,2.85
"2021-01-01",LBP,Lebanon,15500.0,8750,1.77
"2021-01-01",EUR,Lithuania,2.9,1,2.9
"2021-01-01",MYR,Malaysia,9.99,4,2.5
"2021-01-01",MXN,Mexico,54.0,20,2.7
"2021-01-01",MDL,Moldova,50.0,17,2.94
"2021-01-01",EUR,Netherlands,4.13,1,4.13
"2021-01-01",NZD,New Zealand,6.8,1,6.8
"2021-01-01",NIO,Nicaragua,124.0,34,3.65
"2021-01-01",NOK,Norway,52.0,8,6.5
"2021-01-01",OMR,Oman,1.1,1,1.1
"2021-01-01",PKR,Pakistan,550.0,160,3.44
"2021-01-01",PEN,Peru,11.9,3,3.97
"2021-01-01",PHP,Philippines,142.0,48,2.96
"2021-01-01",PLN,Poland,13.08,3,4.36
"2021-01-01",EUR,Portugal,3.45,1,3.45
"2021-01-01",QAR,Qatar,13.0,3,4.33
"2021-01-01",RON,Romania,9.9,4,2.48
"2021-01-01",RUB,Russia,135.0,74,1.82
"2021-01-01",SAR,Saudi Arabia,14.0,3,4.67
"2021-01-01",SGD,Singapore,5.9,1,5.9
"2021-01-01",EUR,Slovakia,3.7,1,3.7
"2021-01-01",EUR,Slovenia,2.5,1,2.5
"2021-01-01",ZAR,South Africa,33.5,15,2.23
"2021-01-01",KRW,South Korea,4500.0,1097,4.1
"2021-01-01",EUR,Spain,4.33,1,4.33
"2021-01-01",LKR,Sri Lanka,700.0,189,3.7
"2021-01-01",SEK,Sweden,52.88,8,6.61
"2021-01-01",CHF,Switzerland,6.5,1,6.5
"2021-01-01",TWD,Taiwan,72.0,27,2.67
"2021-01-01",THB,Thailand,128.0,30,4.27
"2021-01-01",TRY,Turkey,14.99,7,2.14
"2021-01-01",UAH,Ukraine,62.0,28,2.21
"2021-01-01",AED,United Arab Emirates,14.75,3,4.92
"2021-01-01",USD,United States,4.89,1,4.89
"2021-01-01",UYU,Uruguay,204.0,42,4.86
"2021-01-01",VND,Vietnam,66000.0,23064,2.86
"2021-07-01",ARS,Argentina,380.0,96,3.96
"2021-07-01",AUD,Australia,6.55,1,6.55
"2021-07-01",EUR,Austria,3.92,1,3.92
"2021-07-01",AZN,Azerbaijan,3.95,1,3.95
"2021-07-01",BHD,Bahrain,1.5,1,1.5
"2021-07-01",EUR,Belgium,4.45,1,4.45
"2021-07-01",BRL,Brazil,22.9,5,4.58
"2021-07-01",GBP,Britain,3.49,1,3.49
"2021-07-01",CAD,Canada,6.77,1,6.77
"2021-07-01",CLP,Chile,2990.0,759,3.94
"2021-07-01",CNY,China,22.4,6,3.73
"2021-07-01",COP,Colombia,12950.0,3842,3.37
"2021-07-01",CRC,Costa Rica,2370.0,617,3.84
"2021-07-01",HRK,Croatia,24.0,6,4.0
"2021-07-01",CZK,Czech Republic,89.0,21,4.24
"2021-07-01",DKK,Denmark,30.0,6,5.0
"2021-07-01",EGP,Egypt,42.5,15,2.83
"2021-07-01",EUR,Estonia,3.2,1,3.2
"2021-07-01",EUR,Euro area,4.29,1,4.29
"2021-07-01",EUR,Finland,4.89,1,4.89
"2021-07-01",EUR,France,4.3,1,4.3
"2021-07-01",EUR,Germany,4.45,1,4.45
"2021-07-01",EUR,Greece,3.3,1,3.3
"2021-07-01",GTQ,Guatemala,26.0,7,3.71
"2021-07-01",HNL,Honduras,87.0,23,3.78
"2021-07-01",HKD,Hong Kong,21.0,7,3.0
"2021-07-01",HUF,Hungary,908.0,305,2.98
"2021-07-01",INR,India,190.0,74,2.57
"2021-07-01",IDR,Indonesia,34000.0,14517,2.34
"2021-07-01",EUR,Ireland,4.5,1,4.5
"2021-07-01",ILS,Israel,17.0,3,5.67
"2021-07-01",EUR,Italy,4.3,1,4.3
"2021-07-01",JPY,Japan,390.0,109,3.58
"2021-07-01",JOD,Jordan,2.13,1,2.13
"2021-07-01",KWD,Kuwait,1.25,1,1.25
"2021-07-01",EUR,Latvia,2.85,1,2.85
"2021-07-01",LBP,Lebanon,37000.0,22000,1.68
"2021-07-01",EUR,Lithuania,2.9,1,2.9
"2021-07-01",MYR,Malaysia,9.99,4,2.5
"2021-07-01",MXN,Mexico,64.0,20,3.2
"2021-07-01",MDL,Moldova,52.0,17,3.06
"2021-07-01",EUR,Netherlands,4.22,1,4.22
"2021-07-01",NZD,New Zealand,6.9,1,6.9
"2021-07-01",NIO,Nicaragua,128.0,35,3.66
"2021-07-01",NOK,Norway,57.0,9,6.33
"2021-07-01",OMR,Oman,1.15,1,1.15
"2021-07-01",PKR,Pakistan,580.0,161,3.6
"2021-07-01",PEN,Peru,12.9,3,4.3
"2021-07-01",PHP,Philippines,142.0,50,2.84
"2021-07-01",PLN,Poland,13.43,3,4.48
"2021-07-01",EUR,Portugal,3.45,1,3.45
"2021-07-01",QAR,Qatar,13.0,3,4.33
"2021-07-01",RON,Romania,10.6,4,2.65
"2021-07-01",RUB,Russia,135.0,74,1.82
"2021-07-01",SAR,Saudi Arabia,14.0,3,4.67
"2021-07-01",SGD,Singapore,5.9,1,5.9
"2021-07-01",EUR,Slovakia,3.7,1,3.7
"2021-07-01",EUR,Slovenia,2.6,1,2.6
"2021-07-01",ZAR,South Africa,33.5,14,2.39
"2021-07-01",KRW,South Korea,4600.0,1150,4.0
"2021-07-01",EUR,Spain,4.4,1,4.4
"2021-07-01",LKR,Sri Lanka,700.0,199,3.52
"2021-07-01",SEK,Sweden,54.0,8,6.75
"2021-07-01",CHF,Switzerland,6.5,1,6.5
"2021-07-01",TWD,Taiwan,72.0,28,2.57
"2021-07-01",THB,Thailand,128.0,32,4.0
"2021-07-01",TRY,Turkey,19.99,8,2.5
"2021-07-01",UAH,Ukraine,65.0,27,2.41
"2021-07-01",AED,United Arab Emirates,14.75,3,4.92
"2021-07-01",USD,United States,4.93,1,4.93
"2021-07-01",UYU,Uruguay,225.0,44,5.11
"2021-07-01",VES,Venezuela,16020000,3613989,4.43
"2021-07-01",VND,Vietnam,69000.0,23028,3.0
"2022-01-01",ARS,Argentina,450.0,105,4.29
"2022-01-01",AUD,Australia,6.4,1,6.4
"2022-01-01",EUR,Austria,3.8,1,3.8
"2022-01-01",AZN,Azerbaijan,4.5,1,4.5
"2022-01-01",BHD,Bahrain,1.5,1,1.5
"2022-01-01",EUR,Belgium,4.55,1,4.55
"2022-01-01",BRL,Brazil,22.9,5,4.58
"2022-01-01",GBP,Britain,3.59,1,3.59
"2022-01-01",CAD,Canada,6.77,1,6.77
"2022-01-01",CLP,Chile,3100.0,798,3.88
"2022-01-01",CNY,China,24.4,6,4.07
"2022-01-01",COP,Colombia,12950.0,3941,3.29
"2022-01-01",CRC,Costa Rica,2650.0,642,4.13
"2022-01-01",HRK,Croatia,23.67,6,3.94
"2022-01-01",CZK,Czech Republic,89.0,21,4.24
"2022-01-01",DKK,Denmark,32.0,6,5.33
"2022-01-01",EGP,Egypt,42.5,15,2.83
"2022-01-01",EUR,Estonia,3.4,1,3.4
"2022-01-01",EUR,Euro area,4.42,1,4.42
"2022-01-01",EUR,Finland,4.95,1,4.95
"2022-01-01",EUR,France,4.35,1,4.35
"2022-01-01",EUR,Germany,4.46,1,4.46
"2022-01-01",EUR,Greece,3.4,1,3.4
"2022-01-01",GTQ,Guatemala,26.0,7,3.71
"2022-01-01",HNL,Honduras,89.0,24,3.71
"2022-01-01",HKD,Hong Kong,22.0,7,3.14
"2022-01-01",HUF,Hungary,982.0,317,3.1
"2022-01-01",INR,India,190.0,74,2.57
"2022-01-01",IDR,Indonesia,34000.0,14382,2.36
"2022-01-01",EUR,Ireland,4.6,1,4.6
"2022-01-01",ILS,Israel,17.0,3,5.67
"2022-01-01",EUR,Italy,4.8,1,4.8
"2022-01-01",JPY,Japan,390.0,115,3.39
"2022-01-01",JOD,Jordan,2.12,1,2.12
"2022-01-01",KWD,Kuwait,1.25,1,1.25
"2022-01-01",EUR,Latvia,2.85,1,2.85
"2022-01-01",LBP,Lebanon,70000.0,21500,3.26
"2022-01-01",EUR,Lithuania,2.9,1,2.9
"2022-01-01",MYR,Malaysia,9.99,4,2.5
"2022-01-01",MXN,Mexico,69.0,20,3.45
"2022-01-01",MDL,Moldova,52.0,18,2.89
"2022-01-01",EUR,Netherlands,4.4,1,4.4
"2022-01-01",NZD,New Zealand,7.0,1,7.0
"2022-01-01",NIO,Nicaragua,134.0,35,3.83
"2022-01-01",NOK,Norway,57.0,8,7.12
"2022-01-01",OMR,Oman,1.15,1,1.15
"2022-01-01",PKR,Pakistan,590.0,176,3.35
"2022-01-01",PEN,Peru,12.9,3,4.3
"2022-01-01",PHP,Philippines,142.0,50,2.84
"2022-01-01",PLN,Poland,14.08,4,3.52
"2022-01-01",EUR,Portugal,3.45,1,3.45
"2022-01-01",QAR,Qatar,13.0,3,4.33
"2022-01-01",RON,Romania,10.6,4,2.65
"2022-01-01",RUB,Russia,135.0,77,1.75
"2022-01-01",SAR,Saudi Arabia,15.0,3,5.0
"2022-01-01",SGD,Singapore,5.9,1,5.9
"2022-01-01",EUR,Slovakia,3.8,1,3.8
"2022-01-01",EUR,Slovenia,2.8,1,2.8
"2022-01-01",ZAR,South Africa,39.9,15,2.66
"2022-01-01",KRW,South Korea,4600.0,1205,3.82
"2022-01-01",EUR,Spain,4.58,1,4.58
"2022-01-01",LKR,Sri Lanka,840.0,202,4.16
"2022-01-01",SEK,Sweden,54.0,9,6.0
"2022-01-01",CHF,Switzerland,6.5,1,6.5
"2022-01-01",TWD,Taiwan,75.0,27,2.78
"2022-01-01",THB,Thailand,128.0,33,3.88
"2022-01-01",TRY,Turkey,24.99,13,1.92
"2022-01-01",UAH,Ukraine,69.0,28,2.46
"2022-01-01",AED,United Arab Emirates,17.0,3,5.67
"2022-01-01",USD,United States,5.04,1,5.04
"2022-01-01",UYU,Uruguay,239.0,44,5.43
"2022-01-01",VES,Venezuela,23.0,4,5.75
"2022-01-01",VND,Vietnam,69000.0,22650,3.05
"2022-07-01",ARS,Argentina,590.0,129,4.57
"2022-07-01",AUD,Australia,6.7,1,6.7
"2022-07-01",EUR,Austria,4.35,1,4.35
"2022-07-01",AZN,Azerbaijan,4.7,1,4.7
"2022-07-01",BHD,Bahrain,1.6,1,1.6
"2022-07-01",EUR,Belgium,4.6,1,4.6
"2022-07-01",BRL,Brazil,22.9,5,4.58
"2022-07-01",GBP,Britain,3.69,1,3.69
"2022-07-01",CAD,Canada,6.77,1,6.77
"2022-07-01",CLP,Chile,3400.0,928,3.66
"2022-07-01",CNY,China,24.0,6,4.0
"2022-07-01",COP,Colombia,14950.0,4295,3.48
"2022-07-01",CRC,Costa Rica,2650.0,678,3.91
"2022-07-01",HRK,Croatia,27.0,7,3.86
"2022-07-01",CZK,Czech Republic,95.0,23,4.13
"2022-07-01",EGP,Egypt,46.0,18,2.56
"2022-07-01",EUR,Estonia,3.4,1,3.4
"2022-07-01",EUR,Euro area,4.65,1,4.65
"2022-07-01",EUR,Finland,5.25,1,5.25
"2022-07-01",EUR,France,4.7,1,4.7
"2022-07-01",EUR,Germany,4.58,1,4.58
"2022-07-01",EUR,Greece,4.0,1,4.0
"2022-07-01",GTQ,Guatemala,26.0,7,3.71
"2022-07-01",HNL,Honduras,89.0,24,3.71
"2022-07-01",HKD,Hong Kong,21.0,7,3.0
"2022-07-01",HUF,Hungary,1030.0,389,2.65
"2022-07-01",INR,India,191.0,79,2.42
"2022-07-01",IDR,Indonesia,35000.0,14977,2.34
"2022-07-01",EUR,Ireland,5.0,1,5.0
"2022-07-01",ILS,Israel,17.0,3,5.67
"2022-07-01",EUR,Italy,5.1,1,5.1
"2022-07-01",JPY,Japan,390.0,137,2.85
"2022-07-01",JOD,Jordan,2.3,1,2.3
"2022-07-01",KWD,Kuwait,1.3,1,1.3
"2022-07-01",EUR,Latvia,3.0,1,3.0
"2022-07-01",LBP,Lebanon,130000.0,25600,5.08
"2022-07-01",EUR,Lithuania,3.05,1,3.05
"2022-07-01",MYR,Malaysia,10.9,4,2.72
"2022-07-01",MXN,Mexico,70.0,20,3.5
"2022-07-01",MDL,Moldova,60.0,19,3.16
"2022-07-01",EUR,Netherlands,4.5,1,4.5
"2022-07-01",NZD,New Zealand,7.1,1,7.1
"2022-07-01",NIO,Nicaragua,139.0,35,3.97
"2022-07-01",NOK,Norway,62.0,9,6.89
"2022-07-01",OMR,Oman,1.42,1,1.42
"2022-07-01",PKR,Pakistan,700.0,221,3.17
"2022-07-01",PEN,Peru,13.9,3,4.63
"2022-07-01",PHP,Philippines,155.0,56,2.77
"2022-07-01",PLN,Poland,16.68,4,4.17
"2022-07-01",EUR,Portugal,4.0,1,4.0
"2022-07-01",QAR,Qatar,13.0,3,4.33
"2022-07-01",RON,Romania,11.0,4,2.75
"2022-07-01",SAR,Saudi Arabia,17.0,3,5.67
"2022-07-01",SGD,Singapore,5.9,1,5.9
"2022-07-01",EUR,Slovakia,3.9,1,3.9
"2022-07-01",EUR,Slovenia,3.2,1,3.2
"2022-07-01",ZAR,South Africa,39.9,17,2.35
"2022-07-01",KRW,South Korea,4600.0,1313,3.5
"2022-07-01",EUR,Spain,4.58,1,4.58
"2022-07-01",LKR,Sri Lanka,1340.0,360,3.72
"2022-07-01",SEK,Sweden,57.0,10,5.7
"2022-07-01",CHF,Switzerland,6.5,1,6.5
"2022-07-01",TWD,Taiwan,75.0,29,2.59
"2022-07-01",THB,Thailand,128.0,36,3.56
"2022-07-01",TRY,Turkey,47.0,17,2.76
"2022-07-01",AED,United Arab Emirates,18.0,3,6.0
"2022-07-01",USD,United States,5.15,1,5.15
"2022-07-01",UYU,Uruguay,255.0,41,6.22
"2022-07-01",VES,Venezuela,10.0,5,2.0
"2022-07-01",VND,Vietnam,69000.0,23417,2.95
